first_point_x,first_point_y,last_point_x,last_point_y,count
181251.451,435518.339,185283.442,433973.831,2
97133.0,434490.0,98249.002,433520.635,2
226645.8994,521025.053,227157.088,524574.829,2
180851.6185,527114.0992,181078.249,523463.711,2
107252.913,406630.766,107216.803,406622.477,2
276770.816,578230.023,274642.796,577847.846,2
170649.597,560967.759,172705.545,559520.223,2
180734.887,522764.232,180966.637,526006.058,2
115246.424,426079.38,111279.481,427019.69,2
62243.649,427079.122,65491.79,429670.632,2
146377.878,457858.46,142488.462,456268.45,2
119846.222,492614.767,118231.769,496096.124,2
115219.486,481925.052,114153.257,482393.23,2
133304.68,453085.61,132811.399,449718.236,2
232822.02,508244.427,232930.648,508049.73,2
134160.806,452771.192,133403.51,453512.703,2
158339.7381,576319.5901,156734.555,573596.964,2
82698.3,431998.01,84393.42,432433.198,2
146683.576,457737.181,142488.462,456268.45,2
177523.468,540654.718,180299.654,531522.547,2
104721.013,472450.551,103451.215,471807.584,2
178324.85,316015.565,178459.662,314361.067,2
254574.8183,593438.1601,254574.8183,593438.1601,2
55350.1641,407808.7214,59140.0,407278.0,2
192847.791,452013.788,193761.5235,456953.1079,2
119774.926,410696.024,120113.607,411020.068,2
157492.072,465623.485,157878.257,465189.55,2
88125.114,440877.772,89328.747,439108.889,2
125130.346,429470.621,124990.92,429060.066,2
254637.398,576865.956,255067.777,576893.454,2
192116.24,405782.956,190822.319,408288.67,2
232955.475,507995.748,232930.648,508049.73,2
156492.5,391128.764,157688.797,389616.597,2
158883.919,464472.434,158682.144,464608.621,2
206028.681,380697.914,206469.724,379411.445,2
198730.9907,441455.9303,202465.223,439766.248,2
176869.511,429341.3,177079.692,429630.246,2
196077.8049,443503.1513,195554.8116,444032.4167,2
148458.5962,408136.0196,140053.55,400484.017,2
156937.612,463548.611,156724.342,462127.116,2
185849.996,562064.812,184343.302,566715.85,2
136893.0863,451947.4234,137705.099,451809.96,2
140325.114,394190.85,149289.1351,389575.1866,2
159870.665,389627.128,160805.178,391168.572,2
198981.7306,500681.5745,196151.233,498216.346,2
86999.686,454351.369,92764.8232,459837.2499,2
133495.382,454631.034,133427.941,453973.347,2
162967.077,379446.385,165510.327,373974.746,2
157866.522,382277.887,157730.72,383100.019,2
157165.323,466023.787,166739.606,464309.623,2
139147.5654,461039.3121,141761.795,468192.1042,2
96443.5062,436686.7855,96355.0,436501.0,2
91512.382,393428.788,89236.76,393838.146,2
85209.4148,436132.9401,84779.327,437458.452,2
210134.198,518165.936,209894.692,519355.409,2
183009.368,333847.805,182990.354,331995.987,2
159504.345,379623.154,158596.373,379600.968,2
111813.8101,483908.326,112808.711,482668.282,2
133427.941,453973.347,132811.399,449718.236,2
110574.702,478736.418,110494.837,478671.127,2
194911.092,444232.441,195660.0,443743.0,2
98399.968,432858.514,98824.706,431984.598,2
122698.827,492422.65,121419.411,493128.674,2
121707.066,500839.577,123751.5754,501834.1266,2
248149.0,476203.0,247720.899,477859.086,2
92141.926,430752.872,93417.788,431018.146,2
178645.776,521573.736,180734.887,522764.232,2
183012.109,448275.22,184082.197,448479.944,2
88872.459,394239.673,90217.373,396524.631,2
243739.0,481508.0,246211.079,479531.6,2
198859.897,316278.379,195142.765,320595.356,2
232930.648,508049.73,232955.475,507995.748,2
180966.637,526006.058,180576.16,530334.643,2
167210.1371,464603.5462,158883.919,464472.434,2
86969.661,432196.731,85602.436,433883.95,2
124849.8641,428570.3854,124965.854,428685.171,2
157751.683,465383.533,157751.875,465237.472,2
191826.115,448344.945,185227.0,448779.0,2
193802.3252,457108.4919,192956.591,452551.167,2
138850.883,452130.281,139286.373,454312.856,2
157585.345,464890.575,158387.858,464780.388,2
184082.197,448479.944,182973.726,445567.477,2
200747.335,501934.494,201339.171,502482.104,2
149295.6649,470178.578,147012.686,470646.314,2
141761.795,468192.1042,144417.459,471214.07,2
178334.439,316411.46,179028.301,319942.945,2
133353.201,453015.163,133450.297,453632.541,2
251311.04,600753.647,251311.04,600753.647,2
118485.654,490574.494,119910.277,492638.713,2
145229.509,472185.48,144277.382,472185.56,2
134584.301,452900.805,134160.806,452771.192,2
105333.051,498837.045,108747.734,502387.857,2
137578.385,448588.683,138212.609,451088.321,2
240925.0201,482618.7255,237620.02,484136.954,2
84850.432,436701.38,85035.488,436022.907,2
238343.708,580314.307,237523.617,581397.094,2
251557.419,562560.218,253422.009,563748.162,2
133942.8123,444925.81,134968.619,443662.362,2
130003.508,459548.388,133501.716,454152.35,2
124816.29,428297.381,124972.0,428824.0,2
117635.122,396606.552,116716.564,396109.339,2
110451.998,455796.7,110270.974,455698.552,2
84776.841,451979.981,85883.858,453457.485,2
125015.526,478504.367,124879.91,477685.817,2
105940.134,429303.084,105955.0,429308.0,2
194328.583,320582.973,194735.467,320725.212,2
114977.802,426239.36,111279.481,427019.69,2
126164.634,485094.283,123884.141,482897.136,2
85883.858,453457.485,92764.8232,459837.2499,2
189260.0,553526.0,190089.846,554057.211,2
144051.247,472331.695,144494.202,471932.784,2
109551.112,477254.903,109968.702,477979.247,2
80829.46,390614.91,80297.483,391331.749,2
174399.537,517100.676,178645.776,521573.736,2
220874.255,577767.995,227290.206,579960.188,2
126657.9087,480106.2549,128857.647,481657.126,2
120306.144,544469.847,120285.947,544494.577,2
70265.113,431035.974,70301.626,431046.821,2
178259.251,319229.347,178170.988,317128.213,2
153604.642,412886.591,152778.812,412230.359,2
124866.706,428713.426,124849.8641,428570.3854,2
93082.0,425865.0,88012.697,418984.655,2
198068.5808,500226.8219,199166.231,498207.484,2
152329.969,410705.076,152571.2,411848.186,2
238343.708,580314.307,237523.617,581397.094,2
143667.647,472705.549,144872.479,471526.788,2
163230.969,563605.914,164646.098,563318.774,2
192679.0715,447363.7865,185227.0,448779.0,2
137371.373,396746.158,137163.396,396509.696,2
231282.053,526029.447,227362.884,525038.905,2
106131.9567,429253.8859,105955.0,429308.0,2
126161.524,474918.825,125374.058,477001.118,2
124609.1684,478568.2448,125289.2476,479327.2049,2
65491.79,429670.632,65525.441,429688.74,2
108744.955,402127.213,108993.378,400066.061,2
198580.796,499659.507,200747.335,501934.494,2
180604.025,434864.677,181075.629,439279.556,2
216447.247,489132.628,216447.247,489132.628,2
138821.177,479820.287,136734.249,480368.947,2
227754.375,526909.381,227588.024,525447.533,2
155765.8452,460657.0971,156342.999,461486.856,2
184625.913,448101.65,190513.651,447941.94,2
92677.8404,439629.3324,95137.5,440289.746,2
205988.627,378483.186,206266.811,377584.876,2
131430.0,394381.0,135288.209,394215.598,2
197847.09,500484.137,196151.233,498216.346,2
70301.626,431046.821,70265.113,431035.974,2
111391.0,407757.0,107252.913,406630.766,2
202160.907,503394.576,201568.18,502789.013,2
227804.368,526397.8636,227827.717,528026.195,2
124729.084,428053.811,124816.29,428297.381,2
124972.0,428824.0,124866.706,428713.426,2
84253.6059,451445.5049,83817.012,451119.866,2
191772.0,553309.0,191011.306,553969.846,2
174505.491,517584.591,171959.083,513448.587,2
120224.038,492846.487,122442.468,492580.955,2
146375.072,457607.535,148871.596,458491.861,2
236916.83,582584.371,237126.0494,582090.9198,2
124038.713,428238.91,124478.547,428525.089,2
192847.791,452013.788,193761.5235,456953.1079,2
251027.703,601353.836,251311.04,600753.647,2
150509.0,375780.0,157789.822,379451.369,2
195605.228,497582.491,197442.125,499356.706,2
108765.856,488276.464,108785.0,488658.0,2
247418.833,478430.233,245001.536,480683.679,2
150069.33,389348.304,140777.242,393999.775,2
109220.042,488842.162,108772.0,488786.0,2
102703.0,425471.0,103523.553,425095.247,2
65525.441,429688.74,67653.135,430587.846,2
127158.71,546774.921,127212.939,546801.436,2
157878.257,465189.55,166739.606,464309.623,2
122638.865,482890.903,122685.18,482367.475,2
127125.615,546756.802,127158.71,546774.921,2
254634.583,593216.556,254574.8183,593438.1601,2
199035.868,497158.094,198580.796,499659.507,2
155042.155,388315.9445,155603.033,388341.602,2
132788.945,453246.199,132811.399,449718.236,2
158227.487,465895.85,158040.337,465649.144,2
125112.648,483506.191,125793.64,484386.042,2
198274.059,499980.993,199166.231,498207.484,2
157878.257,465189.55,157874.892,465340.916,2
189641.318,353022.333,187479.002,354097.075,2
157874.892,465340.916,157751.683,465383.533,2
124990.92,429060.066,124849.8641,428570.3854,2
120653.55,493164.238,118813.067,491065.906,2
157585.345,464890.575,157874.892,465340.916,2
170846.894,449566.594,170918.97,450902.333,2
191664.532,553232.266,192145.037,552307.736,2
127934.7765,480842.4579,127031.3097,480373.4902,2
47235.0,368480.0,47220.721,368488.267,2
179193.889,320151.972,178259.251,319229.347,2
198274.059,499980.993,198311.837,500079.226,2
126586.775,486238.164,126572.001,488858.343,2
197806.174,499650.119,199166.231,498207.484,2
124965.854,428685.171,124972.0,428824.0,2
206312.317,375528.845,206236.653,376735.349,2
158006.47,379914.313,162193.372,379538.412,2
164646.098,563318.774,167177.295,562380.873,2
180299.654,531522.547,180851.6185,527114.0992,2
125499.456,428755.547,124866.706,428713.426,2
108765.856,488276.464,106391.586,494515.908,2
251311.04,600753.647,251352.8331,600535.9857,2
160637.538,392032.717,161046.894,390428.303,2
131004.024,482629.244,128252.4238,481030.238,2
132788.945,453246.199,133353.201,453015.163,2
134160.806,452771.192,133304.68,453085.61,2
128559.7878,428433.0909,125937.597,428751.84,2
178168.821,436347.167,180357.102,436139.571,2
187994.297,434369.73,187344.327,434212.313,2
133816.224,452943.276,133304.68,453085.61,2
197847.09,500484.137,198068.5808,500226.8219,2
84393.42,432433.198,85561.769,432127.798,2
158040.337,465649.144,157751.875,465237.472,2
98285.0,441207.0,96819.984,440784.073,2
131310.909,482439.611,135502.016,480917.962,2
124495.629,427246.3,124729.084,428053.811,2
151902.079,414157.801,151021.738,414765.349,2
133076.041,453379.021,133593.781,452763.339,2
138430.205,479870.825,136734.249,480368.947,2
124799.7951,479109.2161,124706.756,478137.628,2
124478.547,428525.089,124965.854,428685.171,2
125008.6959,479167.7472,125289.2476,479327.2049,2
180324.787,429034.351,177867.497,429795.124,2
157739.442,382370.855,157850.531,381227.082,2
226445.46,532429.455,227598.82,529017.927,2
83866.015,391410.272,81124.182,390678.889,2
210131.222,378729.79,207298.077,378632.365,2
195660.0,443743.0,195554.8116,444032.4167,2
117929.2522,487454.7612,118071.3641,488152.345,2
145495.977,427432.926,146111.446,423356.42,2
126952.532,434756.775,125130.346,429470.621,2
161505.343,379528.172,162967.077,379446.385,2
134186.1813,452716.8858,133816.224,452943.276,2
126871.086,486578.501,126572.001,488858.343,2
150304.551,430541.221,145066.036,429984.897,2
155882.7574,467365.3184,157165.323,466023.787,2
188407.584,435441.535,188306.315,434986.12,2
77322.68,433921.845,76228.726,435077.057,2
251352.8331,600535.9857,251311.04,600753.647,2
59997.034,425078.272,60030.583,425066.797,2
51497.689,423807.546,51296.552,423697.709,2
159277.389,566735.775,156477.541,567638.443,2
114018.0,394591.0,110978.981,393229.43,2
88962.177,394496.004,88574.868,393803.008,2
149533.154,406373.154,149145.263,407947.58,2
90217.684,463367.9493,86611.8088,460126.1141,2
138068.287,451712.125,139286.373,454312.856,2
204003.77,504387.251,206839.508,505137.361,2
138212.609,451088.321,138376.307,451998.777,2
232930.648,508049.73,232822.02,508244.427,2
185622.66,562825.693,190032.392,554774.7325,2
98179.72,464315.165,95160.08,462073.623,2
146509.114,457408.528,148871.596,458491.861,2
30557.945,386830.801,31087.308,387061.775,2
182271.664,573444.256,183306.987,570111.694,2
169274.555,455839.516,170908.612,451211.012,2
60065.946,425081.552,57922.966,426169.897,2
120350.206,544474.053,120285.947,544494.577,2
124167.631,479285.92,124706.756,478137.628,2
178170.988,317128.213,178347.592,316963.001,2
161135.895,397651.254,163592.19,400969.114,2
133427.941,453973.347,133076.041,453379.021,2
73856.748,435450.157,73300.017,434695.801,2
150045.532,375559.981,157789.822,379451.369,2
227693.267,526295.643,227588.024,525447.533,2
132288.17,453444.557,132788.945,453246.199,2
196490.89,546757.743,193737.109,549140.209,2
190492.2,554400.894,190411.6704,554297.9973,2
121938.8454,500667.1288,123751.5754,501834.1266,2
116399.515,400588.049,119034.0,404011.0,2
196849.1726,442680.2315,196077.8049,443503.1513,2
179312.745,522067.213,174505.491,517584.591,2
79362.959,400606.382,85325.5,404299.341,2
109643.245,524016.374,109458.626,524802.763,2
138615.0,455606.0,139109.287,455836.179,2
167629.339,379988.901,163684.678,379550.872,2
84542.87,457975.571,85577.895,459025.251,2
115579.344,481324.719,118501.342,479532.322,2
179246.142,320418.448,178259.251,319229.347,2
143011.547,452492.332,139284.556,452327.006,2
33244.337,392285.074,32405.946,393751.72,2
128894.228,428302.842,125937.597,428751.84,2
133816.224,452943.276,133403.51,453512.703,2
202184.0588,503493.9421,201568.18,502789.013,2
157751.875,465237.472,157878.257,465189.55,2
173070.6829,447489.953,170675.019,448485.099,2
116480.7565,480229.9765,118501.342,479532.322,2
85370.765,432272.807,93417.788,431018.146,2
162967.077,379446.385,163125.498,379480.214,2
98919.09,432150.435,98208.699,433860.903,2
140222.76,483621.995,141506.563,484410.862,2
167177.295,562380.873,170649.597,560967.759,2
73625.093,435997.881,74536.323,435316.389,2
134968.619,443662.362,138384.283,439369.453,2
130794.57,549067.889,130824.383,549084.725,2
133593.781,452763.339,137681.129,451865.133,2
142587.767,369973.811,146924.837,373306.704,2
115986.503,399697.351,115706.43,396304.855,2
36216.0,391291.0,34723.474,389768.687,2
205088.387,568878.808,205118.261,568971.632,2
109000.776,502817.013,107860.106,500173.243,2
199221.532,315608.34,195142.765,320595.356,2
157334.693,463751.41,157451.247,464506.567,2
154622.592,413357.912,155845.242,413686.819,2
183048.637,329796.754,183094.284,330397.328,2
112127.521,484252.671,111534.4235,485095.2228,2
125937.597,428751.84,125499.456,428755.547,2
97646.0,431181.0,98208.072,431623.077,2
119799.958,493783.457,118231.769,496096.124,2
131529.167,549563.807,130824.383,549084.725,2
178334.439,316411.46,178323.23,316621.645,2
158139.058,465025.779,157751.683,465383.533,2
160805.178,391168.572,161135.895,397651.254,2
184626.626,552525.667,183207.961,551441.608,2
84863.3792,436083.3979,85860.077,432976.598,2
79718.067,383794.246,80571.029,388308.146,2
256271.679,573079.319,255816.733,576518.69,2
119560.0,493916.0,118780.846,491056.112,2
80649.091,389269.84,80674.596,390098.064,2
254600.4959,593580.3536,254574.8183,593438.1601,2
85063.044,436134.303,84779.327,437458.452,2
87628.25,454834.576,85213.911,452588.564,2
178645.776,521573.736,180734.887,522764.232,2
86788.87,432080.653,93417.788,431018.146,2
88363.283,393379.953,88559.13,393715.057,2
66865.629,439247.311,66700.46,439086.183,2
198200.103,500109.762,194576.079,502216.14,2
124994.982,490918.888,122698.827,492422.65,2
194431.0,320599.0,194735.467,320725.212,2
155721.993,467725.027,157165.323,466023.787,2
151718.864,565262.289,153889.411,566954.756,2
33840.496,390477.379,33244.337,392285.074,2
80224.447,384355.612,78494.051,383274.202,2
198068.5808,500226.8219,198274.059,499980.993,2
250958.705,601573.956,251027.703,601353.836,2
126629.422,486791.939,126216.729,485235.929,2
89919.7637,431323.9834,92141.926,430752.872,2
139543.348,412307.404,139533.855,412264.771,2
133057.993,448838.24,132871.24,450920.297,2
144764.7139,471296.9788,144277.382,472185.56,2
233699.464,554257.635,233283.974,554381.544,2
158596.373,379600.968,157992.395,380473.411,2
157165.323,466023.787,157492.072,465623.485,2
157850.531,381227.082,157967.664,379973.337,2
74356.42,435453.265,73992.667,435384.377,2
266566.375,575717.842,263469.071,576772.053,2
180845.978,435111.914,185283.442,433973.831,2
202034.11,363482.637,206838.337,369475.481,2
87805.289,452098.755,86443.645,452630.08,2
171689.0,367780.0,170454.993,368979.894,2
104857.5878,397786.0253,107928.419,398694.774,2
127847.764,483336.899,128722.497,482867.133,2
86611.8088,460126.1141,85834.872,459292.877,2
191058.007,554665.188,190411.6704,554297.9973,2
105875.132,429580.761,108006.846,428237.584,2
151800.9643,489959.9493,146577.3422,485577.7403,2
157451.247,464506.567,157585.345,464890.575,2
133120.84,452551.601,133450.297,453632.541,2
132919.179,448714.849,132871.24,450920.297,2
91406.0,398297.0,90813.786,397288.783,2
158682.144,464608.621,158139.058,465025.779,2
155103.531,388537.962,150069.33,389348.304,2
87124.0,454253.0,84879.38,457547.993,2
198580.796,499659.507,198200.103,500109.762,2
120866.931,415222.22,123311.1994,420035.4054,2
121419.411,493128.674,118813.067,491065.906,2
130021.327,482683.725,135502.016,480917.962,2
192260.36,405166.162,190822.319,408288.67,2
133501.716,454152.35,133076.041,453379.021,2
41671.587,412741.056,40531.2854,411939.0349,2
197186.873,442264.301,196077.8049,443503.1513,2
32405.946,393751.72,32372.7297,393770.2341,2
167247.9222,463953.2531,158883.919,464472.434,2
138248.943,452232.459,134186.1813,452716.8858,2
89222.974,431662.502,92141.926,430752.872,2
158387.858,464780.388,166739.606,464309.623,2
121984.638,416391.549,123311.1994,420035.4054,2
121555.9446,483058.9071,119410.756,483590.267,2
137620.19,448980.733,138212.609,451088.321,2
59140.0,407278.0,59140.0,407278.0,2
127277.943,484180.888,126571.794,484626.155,2
256212.462,572617.226,255816.733,576518.69,2
162935.845,379598.532,162967.077,379446.385,2
138219.224,479197.268,136734.249,480368.947,2
209648.954,521744.646,209657.513,520495.468,2
115661.7857,483359.8295,117187.788,483510.193,2
178364.602,315723.34,178334.439,316411.46,2
85285.403,453236.912,85046.676,452522.78,2
123368.467,480585.248,124071.362,479474.776,2
96355.0,436501.0,97222.3978,434743.2291,2
238352.3,485558.129,237496.958,484536.252,2
150069.33,389348.304,140777.242,393999.775,2
127214.999,411820.751,130326.023,411570.872,2
139497.75,455908.036,138607.3801,453399.5249,2
244916.0,577759.0,238343.708,580314.307,2
63420.526,383711.042,60628.008,386563.264,2
36261.419,401363.661,36283.5,401367.42,2
129293.932,515338.687,130901.773,517494.314,2
224786.004,524311.232,226488.235,524913.439,2
114191.878,394452.077,110978.981,393229.43,2
33301.805,401173.481,36283.5,401367.42,2
84776.841,451979.981,85164.769,452357.093,2
191960.0,448487.0,192847.791,452013.788,2
236316.599,581573.83,236988.645,581915.837,2
33301.805,401173.481,32920.903,400893.655,2
190032.392,554774.7325,190571.613,554318.265,2
63026.911,384038.639,71013.602,382284.858,2
235310.709,581170.007,236988.645,581915.837,2
145451.024,473358.925,147082.944,477083.836,2
129825.526,440602.4562,134966.691,442395.657,2
157429.029,388748.443,158006.47,379914.313,2
85065.15,453359.973,85285.403,453236.912,2
121791.425,453761.433,126193.683,454756.0,2
177943.655,318801.15,178170.988,317128.213,2
157688.797,389616.597,159870.665,389627.128,2
178017.345,318730.655,179028.301,319942.945,2
182283.191,330800.421,182576.715,330866.661,2
125392.0,483682.0,125793.64,484386.042,2
227358.009,440528.667,227425.033,440536.342,2
184099.127,567609.509,185622.66,562825.693,2
79606.398,376981.282,77763.404,382637.443,2
156734.555,573596.964,155238.73,568917.526,2
106590.044,449434.866,105463.874,448787.316,2
60377.07,386867.93,71013.602,382284.858,2
115208.601,489528.632,118485.654,490574.494,2
142728.626,432167.661,143618.309,430662.941,2
87338.169,452288.802,86443.645,452630.08,2
176444.93,430480.221,176839.503,430263.484,2
124630.665,427334.005,124729.084,428053.811,2
239904.851,555086.504,233699.464,554257.635,2
86443.645,452630.08,85973.5918,452989.995,2
102631.616,430303.204,102834.0,430248.0,2
150859.75,480257.757,151817.064,484350.178,2
123239.428,482540.104,121555.9446,483058.9071,2
139533.855,412264.771,135006.718,411967.043,2
182324.916,573193.23,183306.987,570111.694,2
125349.199,483908.412,123884.141,482897.136,2
116000.3,480917.954,115219.486,481925.052,2
33407.807,388875.012,34024.782,389230.653,2
169340.405,464543.284,167665.227,464457.717,2
111453.74,486415.556,111213.229,486165.775,2
154672.251,433742.339,152333.88,431859.159,2
107175.393,498784.51,108666.5998,489279.8467,2
145713.0,473569.0,147082.944,477083.836,2
99376.794,432772.545,98707.861,432063.467,2
206061.431,501139.039,208356.547,499977.167,2
139286.373,454312.856,139677.088,455782.0,2
85973.5918,452989.995,85046.676,452522.78,2
113449.82,482071.222,114193.573,482191.979,2
123884.141,482897.136,123239.428,482540.104,2
177555.293,318961.259,179028.301,319942.945,2
158180.652,576171.46,159773.155,577446.608,2
105060.176,498518.55,105359.434,496629.092,2
120285.947,544494.577,120306.144,544469.847,2
159773.155,577446.608,164853.163,579253.246,2
208356.547,499977.167,209716.716,498942.226,2
233085.072,507778.998,232955.475,507995.748,2
125374.058,477001.118,124952.363,477862.019,2
109485.729,397774.136,110231.084,393899.884,2
113570.6595,489809.507,111453.74,486415.556,2
139580.137,456210.119,138607.3801,453399.5249,2
191011.306,553969.846,190492.2,554400.894,2
177373.265,429977.781,177389.975,430052.925,2
162079.9071,388550.0359,161388.495,389758.23,2
105072.413,498518.652,108747.734,502387.857,2
238448.25,487149.89,238082.282,487766.342,2
249896.374,478746.592,247418.833,478430.233,2
78601.399,431551.556,79891.479,431618.317,2
180546.7484,552831.5037,182302.9,551641.658,2
145229.509,472185.48,144806.494,471515.544,2
190492.2,554400.894,185849.996,562064.812,2
127140.0,412048.0,125139.977,411706.889,2
145520.562,473884.951,145229.509,472185.48,2
117814.088,396472.38,116716.564,396109.339,2
114575.9725,482479.3441,113616.12,482412.587,2
139109.287,455836.179,138607.3801,453399.5249,2
45386.949,368382.315,46514.279,368263.0,2
158119.7346,576169.2898,156734.555,573596.964,2
177867.497,429795.124,178583.026,431661.78,2
46319.0,368227.0,46514.279,368263.0,2
115005.265,482809.213,114575.9725,482479.3441,2
115675.268,547315.004,115465.362,547399.586,2
95171.704,469891.312,97359.0096,470726.753,2
96338.284,437199.135,97222.3978,434743.2291,2
96569.289,436203.923,96443.5062,436686.7855,2
183856.979,552414.211,183207.961,551441.608,2
109736.763,388756.718,110460.153,392787.985,2
170700.399,449667.848,170918.97,450902.333,2
102028.6102,427993.1103,101195.828,429098.585,2
180452.667,553292.438,182302.9,551641.658,2
36315.95,401381.88,36283.5,401367.42,2
115675.268,547315.004,120306.144,544469.847,2
84401.862,457855.73,85577.895,459025.251,2
149533.154,406373.154,149145.263,407947.58,2
102726.046,425777.795,103523.553,425095.247,2
184343.302,566715.85,183658.002,569053.07,2
157092.676,463061.894,157451.247,464506.567,2
189402.228,412076.266,190029.524,410358.636,2
127315.095,411924.772,130326.023,411570.872,2
236893.609,582645.207,236916.83,582584.371,2
184099.127,567609.509,185622.66,562825.693,2
150197.813,409071.696,148961.631,408520.233,2
140261.275,412100.522,135006.718,411967.043,2
98758.247,432175.851,96336.263,439551.847,2
148531.062,408204.65,140053.55,400484.017,2
139497.75,455908.036,139599.392,455970.996,2
170782.897,450024.886,170439.415,449032.99,2
130394.0,539545.0,131339.158,548647.758,2
190494.294,325526.913,194641.792,321373.412,2
116131.105,400136.564,119034.0,404011.0,2
115436.101,547410.809,115465.362,547399.586,2
108993.378,400066.061,109485.729,397774.136,2
102839.0,430264.0,102834.0,430248.0,2
248649.253,473559.345,252215.885,470229.932,2
195046.408,320850.273,194964.767,320907.056,2
169274.555,455839.516,170908.612,451211.012,2
183306.987,570111.694,184099.127,567609.509,2
102164.887,430035.099,102776.002,429899.518,2
184343.302,566715.85,183658.002,569053.07,2
109817.372,396914.508,109232.803,398801.864,2
53593.0,408359.0,53593.0,408359.0,2
127558.243,411947.779,125139.977,411706.889,2
236916.83,582584.371,237126.0494,582090.9198,2
136099.845,445223.538,135834.35,443967.251,2
120573.932,414119.955,120270.664,411488.075,2
36261.419,401363.661,36283.5,401367.42,2
182576.715,330866.661,183138.385,331002.643,2
140386.044,456087.139,139580.137,456210.119,2
180357.102,436139.571,180964.813,435731.171,2
157178.642,463505.44,156724.342,462127.116,2
176839.503,430263.484,177373.265,429977.781,2
191934.0,447812.0,185227.0,448779.0,2
102445.932,426756.517,101195.828,429098.585,2
135834.35,443967.251,138384.283,439369.453,2
115465.362,547399.586,115675.268,547315.004,2
141402.26,434573.33,142728.626,432167.661,2
167731.1643,371939.2319,170082.913,369495.635,2
121802.4667,453669.2329,126193.683,454756.0,2
36283.5,401367.42,36315.95,401381.88,2
102776.002,429899.518,105875.132,429580.761,2
126095.187,475478.366,125374.058,477001.118,2
148985.077,408522.189,150703.042,409317.805,2
36282.289,401412.346,36283.5,401367.42,2
130337.6769,440712.2969,134966.691,442395.657,2
113704.917,394133.55,116598.356,396019.449,2
102834.0,430248.0,101502.0,430068.0,2
139109.287,455836.179,139599.392,455970.996,2
177787.619,318346.929,179028.301,319942.945,2
139375.987,456236.209,139497.75,455908.036,2
112808.711,482668.282,113078.18,482422.906,2
255256.896,566935.153,253589.256,563902.453,2
248146.267,475727.21,247720.899,477859.086,2
114153.257,482393.23,113616.12,482412.587,2
237523.617,581397.094,237236.683,581883.514,2
120285.947,544494.577,120306.144,544469.847,2
193737.109,549140.209,192438.515,551450.688,2
198197.744,469029.352,198176.562,467749.876,2
140356.88,456139.565,139580.137,456210.119,2
195142.765,320595.356,194964.767,320907.056,2
36283.5,401367.42,36261.419,401363.661,2
187087.697,415903.037,186059.87,419773.015,2
157429.029,388748.443,156528.469,388324.659,2
114193.573,482191.979,114153.257,482393.23,2
96338.284,437199.135,96355.0,436501.0,2
236988.645,581915.837,237238.493,581884.601,2
143109.34,473524.087,143667.647,472705.549,2
141112.143,477368.73,142443.507,475506.499,2
124591.4086,479086.5023,124706.756,478137.628,2
132871.24,450920.297,133120.84,452551.601,2
137163.396,396509.696,140325.114,394190.85,2
198332.989,500313.527,198068.5808,500226.8219,2
91616.111,439441.772,90505.701,438914.933,2
138376.307,451998.777,139286.373,454312.856,2
109632.499,477314.133,109968.702,477979.247,2
138745.69,458034.398,139072.302,456985.24,2
139072.302,456985.24,138607.3801,453399.5249,2
86637.854,432598.29,85602.436,433883.95,2
194576.079,502216.14,197847.09,500484.137,2
237620.02,484136.954,237512.211,484529.461,2
108909.896,401738.597,107225.836,405791.457,2
187515.514,552981.887,190089.846,554057.211,2
153889.411,566954.756,154414.165,567353.524,2
206205.304,377085.781,206536.771,378090.691,2
125484.1833,479478.9214,124591.4086,479086.5023,2
125289.2476,479327.2049,128857.647,481657.126,2
158081.526,379834.81,157992.395,380473.411,2
132900.809,448226.438,132871.24,450920.297,2
139284.556,452327.006,134186.1813,452716.8858,2
89400.341,438278.298,89613.7149,438415.3477,2
165160.0,475410.0,166826.362,480134.871,2
60087.554,425081.889,60066.457,425077.304,2
84163.787,432371.061,85561.769,432127.798,2
128252.4238,481030.238,124591.4086,479086.5023,2
167665.227,464457.717,158883.919,464472.434,2
198311.837,500079.226,198200.103,500109.762,2
162864.358,563769.318,159277.389,566735.775,2
181078.249,523463.711,179312.745,522067.213,2
73300.017,434695.801,70301.626,431046.821,2
151830.773,413860.444,151021.738,414765.349,2
276466.614,578251.811,274642.796,577847.846,2
96819.984,440784.073,96259.674,440664.278,2
109956.359,478008.873,110646.876,484805.156,2
72911.14,433798.745,73936.165,435313.656,2
73992.667,435384.377,73300.017,434695.801,2
169332.796,464685.688,167665.227,464457.717,2
163234.936,378796.803,163125.498,379480.214,2
181232.61,522804.215,179312.745,522067.213,2
255898.153,577081.093,255755.925,576883.478,2
122698.827,492422.65,121419.411,493128.674,2
210280.2996,516949.6635,209894.692,519355.409,2
91737.225,398458.277,90813.786,397288.783,2
178583.026,431661.78,180604.025,434864.677,2
205915.0,381250.0,206469.724,379411.445,2
127212.939,546801.436,127158.71,546774.921,2
93586.0,402330.0,92985.491,400318.715,2
196077.8049,443503.1513,192679.0715,447363.7865,2
106944.188,498401.002,108747.734,502387.857,2
151021.738,414765.349,147891.807,418722.621,2
105236.0,496938.0,108666.5998,489279.8467,2
206444.4961,375745.1898,206236.653,376735.349,2
185330.529,329317.59,183828.57,330576.501,2
198332.989,500313.527,194576.079,502216.14,2
108830.335,401718.721,108993.378,400066.061,2
67653.135,430587.846,67691.103,430590.492,2
198200.103,500109.762,196151.233,498216.346,2
127125.615,546756.802,127125.615,546756.802,2
109092.862,477716.684,108680.233,476660.366,2
255755.925,576883.478,255792.963,577032.783,2
121707.066,500839.577,123751.5754,501834.1266,2
103048.422,430066.882,102848.0,430245.0,2
126216.729,485235.929,126164.634,485094.283,2
206617.92,378530.216,206592.353,378644.278,2
197806.174,499650.119,198311.837,500079.226,2
127158.71,546774.921,127125.615,546756.802,2
237359.395,484577.114,237509.94,484533.574,2
137758.411,397345.454,137371.373,396746.158,2
197775.3,491807.805,199035.868,497158.094,2
65525.441,429688.74,65491.79,429670.632,2
155005.484,433937.284,152333.88,431859.159,2
121270.7623,483173.2391,121969.52,482604.757,2
154996.781,568717.43,158252.486,567040.047,2
67691.103,430590.492,70265.113,431035.974,2
108991.632,401270.037,107225.836,405791.457,2
206501.219,378556.945,206535.617,378459.443,2
242737.506,461231.734,248333.762,466877.448,2
48399.391,369525.823,47220.721,368488.267,2
94634.0,403800.0,96584.2,405536.131,2
109306.585,477605.4,108680.233,476660.366,2
95160.08,462073.623,87628.25,454834.576,2
109968.702,477979.247,110646.876,484805.156,2
221089.392,577936.627,218849.932,576691.445,2
131001.544,411648.908,127558.243,411947.779,2
135670.026,411714.143,135006.718,411967.043,2
198981.7306,500681.5745,198332.989,500313.527,2
120701.0,492996.0,122442.468,492580.955,2
70265.113,431035.974,67691.103,430590.492,2
105999.913,473633.962,105001.824,472516.185,2
89004.761,431840.496,86969.661,432196.731,2
88188.394,440585.193,89328.747,439108.889,2
181866.1686,467938.6952,191170.7859,466110.3422,2
124628.5087,491315.3252,122698.827,492422.65,2
130307.88,539009.938,131339.158,548647.758,2
105202.977,498746.658,108747.734,502387.857,2
206535.617,378459.443,206266.811,377584.876,2
206236.653,376735.349,206205.304,377085.781,2
139073.871,412170.428,139683.073,412151.442,2
104343.023,471700.996,108001.427,475826.952,2
85285.403,453236.912,86999.686,454351.369,2
105463.874,448787.316,101579.608,448231.662,2
105955.0,429308.0,108006.846,428237.584,2
139699.266,412252.648,139533.855,412264.771,2
164646.098,563318.774,167177.295,562380.873,2
181102.365,442610.005,184625.913,448101.65,2
145390.0,473935.0,145229.509,472185.48,2
135670.026,411714.143,139073.871,412170.428,2
191925.102,552899.796,191011.306,553969.846,2
111213.229,486165.775,110861.723,485598.717,2
205988.627,378483.186,206617.92,378530.216,2
158081.526,379834.81,156230.379,386779.736,2
207026.349,378614.756,206501.219,378556.945,2
157789.822,379451.369,158081.526,379834.81,2
85973.5918,452989.995,86999.686,454351.369,2
86107.9255,453805.6479,85848.3581,453534.337,2
139284.556,452327.006,138850.883,452130.281,2
130667.275,525918.044,131119.209,528931.805,2
85535.059,434229.39,85860.077,432976.598,2
232844.941,552756.808,232913.89,553448.292,2
206469.724,379411.445,206524.586,379103.801,2
152480.682,410552.251,152571.2,411848.186,2
191402.412,553604.502,192145.037,552307.736,2
193737.109,549140.209,192438.515,551450.688,2
205032.214,569012.166,204985.032,568906.894,2
91312.48,451621.627,92454.391,451471.681,2
191325.028,447751.714,194911.092,444232.441,2
191968.0,447547.0,194911.092,444232.441,2
248908.237,473016.776,252215.885,470229.932,2
154125.251,413104.854,155845.242,413686.819,2
227288.959,524872.204,227157.088,524574.829,2
67653.135,430587.846,65525.441,429688.74,2
192915.944,555543.102,191058.007,554665.188,2
83565.061,450886.946,84776.841,451979.981,2
215104.584,490492.918,216447.247,489132.628,2
181472.931,436493.894,177787.198,430638.504,2
139533.855,412264.771,139683.073,412151.442,2
185227.0,448779.0,182973.726,445567.477,2
198311.837,500079.226,200747.335,501934.494,2
102834.0,430248.0,102848.0,430245.0,2
32920.903,400893.655,33301.805,401173.481,2
206535.617,378459.443,206617.92,378530.216,2
207298.077,378632.365,207026.349,378614.756,2
60904.291,425787.86,60087.554,425081.889,2
201568.18,502789.013,198981.7306,500681.5745,2
143259.996,452402.066,139284.556,452327.006,2
126218.3086,479863.8909,128857.647,481657.126,2
126722.127,486687.888,126216.729,485235.929,2
138704.041,439097.499,135874.511,442490.03,2
189229.545,491461.804,195605.228,497582.491,2
205687.998,378490.673,205988.627,378483.186,2
88382.837,409023.17,90188.1509,406923.22,2
206524.586,379103.801,206535.617,378459.443,2
67691.103,430590.492,67653.135,430587.846,2
110250.661,427365.49,114387.727,426383.28,2
106092.0,429501.0,103048.422,430066.882,2
148733.084,414252.844,150204.805,414715.26,2
182497.409,574814.123,184666.249,575691.457,2
60087.554,425081.889,60065.946,425081.552,2
60066.457,425077.304,59997.034,425078.272,2
88990.3355,431732.406,89222.974,431662.502,2
128722.497,482867.133,128252.4238,481030.238,2
61570.621,426531.539,65491.79,429670.632,2
187344.327,434212.313,186446.177,434084.26,2
111167.515,485441.355,110861.723,485598.717,2
118697.643,498475.713,121707.066,500839.577,2
227588.024,525447.533,227288.959,524872.204,2
193802.3252,457108.4919,192956.591,452551.167,2
205118.261,568971.632,205032.214,569012.166,2
195474.695,352901.034,199192.319,354906.201,2
199784.276,357234.231,202034.11,363482.637,2
206592.353,378644.278,206501.219,378556.945,2
99471.0,433367.0,99376.794,432772.545,2
87660.187,407854.164,90188.1509,406923.22,2
85437.0,438099.0,84873.159,438114.42,2
107103.519,449625.415,105463.874,448787.316,2
206536.771,378090.691,206592.353,378644.278,2
99486.0,471395.0,97576.3779,470809.4616,2
202034.11,363482.637,206838.337,369475.481,2
227157.088,524574.829,227463.948,525172.484,2
130523.0,453844.0,132288.17,453444.557,2
117613.756,426301.388,123775.468,428092.598,2
179199.536,320396.99,178259.251,319229.347,2
136085.0,394702.0,136490.6156,395492.593,2
107057.482,498861.726,108666.5998,489279.8467,2
261114.649,578864.142,256487.51,577236.42,2
86107.9255,453805.6479,85213.911,452588.564,2
128886.354,482848.0697,126571.794,484626.155,2
80649.091,389269.84,80674.596,390098.064,2
132288.17,453444.557,137681.129,451865.133,2
162193.372,379538.412,165510.327,373974.746,2
192360.188,447521.845,192847.791,452013.788,2
108785.0,488658.0,110389.783,488965.59,2
157703.011,383443.163,157708.839,382679.657,2
91277.0,439324.0,90505.701,438914.933,2
111357.547,480190.008,110574.702,478736.418,2
140777.242,393999.775,137359.981,395908.09,2
146200.958,485090.563,147695.144,486383.4451,2
190089.846,554057.211,190646.199,554418.168,2
101195.828,429098.585,98758.247,432175.851,2
198176.562,467749.876,198225.705,467366.254,2
142932.821,431880.952,141500.395,434470.881,2
51337.065,423699.818,51296.552,423697.709,2
120403.6899,406759.223,120125.873,410689.645,2
88725.0,394198.0,88574.868,393803.008,2
179312.745,522067.213,174505.491,517584.591,2
95003.39,430468.659,93070.292,430979.932,2
165510.327,373974.746,170082.913,369495.635,2
227288.959,524872.204,227416.7761,525018.56,2
106846.531,428862.233,103048.422,430066.882,2
145508.412,411755.611,144241.86,411738.105,2
36389.766,391256.162,34723.474,389768.687,2
205358.455,568264.939,205275.422,568562.875,2
108577.9643,428254.3035,108515.0,428121.0,2
86871.758,454516.8967,86107.9255,453805.6479,2
93417.788,431018.146,94474.929,431099.756,2
118780.846,491056.112,118508.431,490694.391,2
85679.773,432281.063,83475.706,432340.211,2
198883.361,467147.676,196620.592,461819.19,2
131253.79,549184.172,131436.488,549131.555,2
138348.269,452630.395,138334.374,451815.153,2
156477.541,567638.443,155302.801,567811.72,2
178323.23,316621.645,178347.592,316963.001,2
127315.095,411924.772,130326.023,411570.872,2
105336.54,499011.529,105060.176,498518.55,2
71723.242,437596.626,73349.505,436250.687,2
239508.619,494237.262,239508.619,494237.262,2
80947.116,431694.153,84393.42,432433.198,2
121270.7623,483173.2391,121969.52,482604.757,2
32372.7297,393770.2341,32372.7297,393770.2341,2
157703.011,383443.163,157708.839,382679.657,2
73625.093,435997.881,73955.001,435722.608,2
117320.317,426267.837,123775.468,428092.598,2
133627.584,455024.658,133427.941,453973.347,2
118053.684,489126.481,118045.976,489475.914,2
177079.692,429630.246,177389.975,430052.925,2
205241.194,534812.473,203118.931,535478.22,2
84758.459,451896.83,85257.603,452593.998,2
141506.563,484410.862,147695.144,486383.4451,2
142288.471,411661.353,140261.275,412100.522,2
32920.903,400893.655,32490.546,399898.526,2
85778.429,391456.471,88363.283,393379.953,2
176465.367,381538.106,167629.339,379988.901,2
115931.952,483446.9098,117187.788,483510.193,2
85046.068,435612.752,84779.327,437458.452,2
118106.203,488694.108,110973.041,488919.481,2
86788.87,432080.653,88439.715,431931.296,2
197718.969,544023.544,202299.48,535869.789,2
193422.329,555595.58,191058.007,554665.188,2
127558.243,411947.779,125139.977,411706.889,2
88382.837,409023.17,85570.593,404907.034,2
100867.69,429727.025,99264.815,431620.049,2
96982.212,434548.558,98249.002,433520.635,2
144494.202,471932.784,144897.332,471476.875,2
118089.585,488150.84,118084.503,488370.179,2
119550.485,410864.37,119659.223,410893.785,2
198003.137,544143.234,196490.89,546757.743,2
82327.703,444375.068,84004.904,440483.562,2
97010.189,431038.388,97710.769,431426.797,2
32465.589,399851.153,32474.845,399865.632,2
119979.095,493427.455,118780.846,491056.112,2
139539.018,412404.162,139543.348,412307.404,2
95160.08,462073.623,94850.147,461683.301,2
108103.041,488716.665,108667.0,488647.0,2
165764.412,373354.169,170082.913,369495.635,2
197743.273,392541.716,201203.512,387261.631,2
160530.862,391611.204,161046.894,390428.303,2
137705.099,451809.96,138068.287,451712.125,2
130243.186,482676.536,135502.016,480917.962,2
162193.372,379538.412,167164.477,379745.865,2
209894.692,519355.409,209467.764,521031.141,2
118026.47,489864.681,118057.423,488433.584,2
252051.986,599276.906,252745.817,598848.641,2
157974.0518,576011.1665,159773.155,577446.608,2
53593.0,408359.0,55350.1641,407808.7214,2
108809.377,487656.093,110026.744,486424.985,2
88439.715,431931.296,89310.536,431602.519,2
111512.964,480593.214,110574.702,478736.418,2
197619.9062,466429.7536,197959.542,466539.048,2
124071.362,479474.776,124167.631,479285.92,2
108454.5389,487319.6986,110026.744,486424.985,2
104728.8725,410820.2002,106619.76,407156.609,2
103048.422,430066.882,101502.0,430068.0,2
125597.075,484121.955,123884.141,482897.136,2
166091.625,373076.519,163234.936,378796.803,2
118704.314,490828.447,119910.277,492638.713,2
137460.166,397111.208,137371.373,396746.158,2
66710.694,438924.42,66702.969,438942.301,2
232583.302,554656.557,232990.52,554594.351,2
109135.524,477054.188,109968.702,477979.247,2
49320.335,420499.277,51337.065,423699.818,2
180851.6185,527114.0992,181078.249,523463.711,2
201063.0,502302.0,201264.0,502330.0,2
116653.687,453377.937,111822.742,453403.199,2
138425.063,439450.054,135874.511,442490.03,2
187586.664,433422.548,187725.157,433691.941,2
163234.936,378796.803,159056.701,379586.982,2
190662.647,504750.719,194576.079,502216.14,2
100867.69,429727.025,102164.887,430035.099,2
111534.4235,485095.2228,111167.515,485441.355,2
145374.9412,471090.657,145130.771,471493.278,2
80668.811,388196.423,80649.091,389269.84,2
89310.536,431602.519,92141.926,430752.872,2
198784.428,465957.156,198265.36,468492.181,2
156748.765,385345.989,156265.569,387063.37,2
180604.025,434864.677,180845.978,435111.914,2
145439.0,427025.0,146111.446,423356.42,2
139388.2408,461549.6555,141761.795,468192.1042,2
157430.336,388724.54,156528.469,388324.659,2
198694.989,466270.789,198436.342,466950.685,2
104069.404,421012.8228,103811.32,413030.084,2
108666.5998,489279.8467,108659.0,488778.0,2
32372.7297,393770.2341,33195.327,392691.315,2
118071.3641,488152.345,118084.503,488370.179,2
137554.625,481588.419,136250.355,480877.196,2
85357.557,437985.423,84873.159,438114.42,2
79891.479,431618.317,84393.42,432433.198,2
120282.701,411063.822,124208.452,411687.691,2
117940.316,496507.718,117965.177,496603.297,2
87124.0,454253.0,92764.8232,459837.2499,2
102164.887,430035.099,105875.132,429580.761,2
57922.966,426169.897,60030.583,425066.797,2
180357.102,436139.571,177787.198,430638.504,2
32474.845,399865.632,32490.546,399898.526,2
173504.0,422024.0,176869.511,429341.3,2
94850.147,461683.301,94965.0,461621.0,2
148961.631,408520.233,149220.632,407221.36,2
144417.459,471214.07,144764.7139,471296.9788,2
128642.766,483072.518,128252.4238,481030.238,2
198225.705,467366.254,198527.851,466843.762,2
194501.2509,460068.2632,193802.3252,457108.4919,2
183066.0,329534.0,182498.134,326727.899,2
132871.24,450920.297,133135.585,452484.664,2
110646.876,484805.156,110922.067,485302.927,2
204501.2285,504426.8848,206839.508,505137.361,2
109794.023,477909.077,108680.233,476660.366,2
196562.0,376696.0,188582.929,377981.047,2
173360.0,422473.0,168647.324,416965.99,2
96449.35,437794.601,96338.284,437199.135,2
140325.114,394190.85,149289.1351,389575.1866,2
84779.327,437458.452,84864.062,437744.557,2
55350.1641,407808.7214,55350.1641,407808.7214,2
159347.048,379706.069,158596.373,379600.968,2
179870.718,429391.852,177867.497,429795.124,2
170551.171,449554.446,170439.415,449032.99,2
231358.176,526186.891,227362.884,525038.905,2
45676.3821,413648.3754,45874.0,413552.0,2
187930.764,434211.838,188056.152,434339.289,2
169643.837,407073.784,167964.64,405619.484,2
129108.303,515017.837,130901.773,517494.314,2
181248.0,330212.0,182283.191,330800.421,2
108772.0,488786.0,106391.586,494515.908,2
81758.304,448811.098,82810.019,450201.019,2
252051.986,599276.906,252051.986,599276.906,2
183506.569,448262.627,184082.197,448479.944,2
80323.804,383964.333,80571.029,388308.146,2
105047.555,498429.867,105072.413,498518.652,2
158780.683,469238.9,158227.487,465895.85,2
135891.195,444638.642,135834.35,443967.251,2
139543.348,412307.404,135006.718,411967.043,2
119659.223,410893.785,120113.607,411020.068,2
153889.411,566954.756,158252.486,567040.047,2
154414.165,567353.524,158252.486,567040.047,2
182152.269,434950.275,181747.9496,435240.5639,2
161232.58,379558.729,162967.077,379446.385,2
234859.569,477917.339,243582.726,480752.398,2
98249.002,433520.635,98399.968,432858.514,2
32490.546,399898.526,32474.845,399865.632,2
202686.8,384273.2,201521.0,386497.0,2
90813.786,397288.783,89178.414,394895.475,2
112076.234,483550.323,111534.4235,485095.2228,2
209467.764,521031.141,210337.969,522653.724,2
145995.89,426549.1,144518.039,429050.154,2
150703.042,409317.805,147891.807,418722.621,2
181747.9496,435240.5639,177787.198,430638.504,2
241345.039,482376.0977,237620.02,484136.954,2
60030.583,425066.797,59997.034,425078.272,2
118862.208,498831.55,121707.066,500839.577,2
97268.536,431131.271,98208.072,431623.077,2
126815.878,434445.039,125130.346,429470.621,2
201264.0,502330.0,201063.0,502302.0,2
200599.078,468186.692,199220.514,467355.906,2
110973.041,488919.481,109220.042,488842.162,2
116272.1235,453295.5585,111822.742,453403.199,2
196440.0,461477.0,198784.428,465957.156,2
122752.847,482114.177,121555.9446,483058.9071,2
96584.2,405536.131,91001.697,406616.284,2
97541.247,431378.158,96536.22,430962.843,2
138607.3801,453399.5249,138348.269,452630.395,2
98249.002,433520.635,98817.412,432033.0,2
236642.073,485402.535,237359.395,484577.114,2
131253.79,549184.172,130824.383,549084.725,2
145877.871,426869.187,144518.039,429050.154,2
98208.072,431623.077,100241.349,430320.512,2
253132.871,576729.475,254637.398,576865.956,2
83177.487,437454.259,84255.9731,437854.485,2
119661.916,479056.877,124453.4,477643.109,2
150894.0,409646.0,150197.813,409071.696,2
93515.1436,460615.0357,87628.25,454834.576,2
98758.247,432175.851,98208.699,433860.903,2
195554.8116,444032.4167,192679.0715,447363.7865,2
122685.18,482367.475,123611.863,482724.504,2
197442.125,499356.706,197806.174,499650.119,2
134754.96,452611.505,134160.806,452771.192,2
181472.931,436493.894,181395.688,436128.625,2
267930.597,481931.54,266063.075,481578.687,2
210364.2772,523363.4188,209648.954,521744.646,2
158570.4388,464825.2777,158139.058,465025.779,2
124760.171,545728.517,127125.615,546756.802,2
145716.7525,485047.338,147695.144,486383.4451,2
32324.517,393744.664,33195.327,392691.315,2
235417.287,445462.8244,235417.287,445462.8244,2
73349.505,436250.687,73625.093,435997.881,2
214587.508,522372.217,209953.833,520589.809,2
215174.8283,522177.2378,209953.833,520589.809,2
187158.296,552998.0133,190089.846,554057.211,2
245308.527,577392.497,238343.708,580314.307,2
120416.717,414057.783,120270.664,411488.075,2
232990.52,554594.351,232997.124,554511.053,2
238634.938,486945.128,238448.25,487149.89,2
148114.143,487460.214,146577.3422,485577.7403,2
149778.113,404977.337,149533.154,406373.154,2
118911.0,483367.0,121270.7623,483173.2391,2
110389.783,488965.59,118012.7153,488690.3161,2
149969.193,488948.428,149425.7588,488495.6622,2
107281.295,498702.849,108747.734,502387.857,2
221503.0,578149.0,227290.206,579960.188,2
152490.0476,490402.9423,151800.9643,489959.9493,2
85475.1545,412948.8256,85751.841,412879.961,2
124952.363,477862.019,124677.7556,478420.3146,2
143618.309,430662.941,143761.383,430335.915,2
190571.613,554318.265,190646.199,554418.168,2
237523.617,581397.094,237238.493,581884.601,2
64335.0,408674.0,64370.951,408661.725,2
105080.992,472522.472,108001.427,475826.952,2
187457.654,434189.743,188056.152,434339.289,2
104057.8502,420699.2966,103811.32,413030.084,2
157430.336,388724.54,158006.47,379914.313,2
198784.428,465957.156,198694.989,466270.789,2
157688.797,389616.597,157430.336,388724.54,2
195554.8116,444032.4167,195660.0,443743.0,2
141415.0,411909.0,140261.275,412100.522,2
131004.024,482629.244,128886.354,482848.0697,2
123884.141,482897.136,123239.428,482540.104,2
165863.618,373423.034,163234.936,378796.803,2
117813.438,410354.962,114634.3142,409224.9119,2
126946.0492,434520.8905,126945.9873,434523.0768,2
31413.157,396404.412,32372.7297,393770.2341,2
31398.781,396456.769,31407.964,396420.136,2
123533.6459,480052.2122,124071.362,479474.776,2
105080.992,472522.472,108001.427,475826.952,2
127486.95,464934.941,130003.508,459548.388,2
181220.0,547536.0,182374.333,550575.09,2
85035.488,436022.907,85046.068,435612.752,2
150525.4352,489142.5463,149425.7588,488495.6622,2
93191.0955,460183.4192,94693.231,461367.331,2
197910.7333,544084.4095,202299.48,535869.789,2
98817.412,432033.0,100241.349,430320.512,2
163162.099,563445.73,164646.098,563318.774,2
84227.054,453831.999,85065.15,453359.973,2
204687.769,568709.632,205118.261,568971.632,2
131436.488,549131.555,131436.488,549131.555,2
128067.716,483197.227,128722.497,482867.133,2
108626.394,502459.059,107860.106,500173.243,2
110430.337,427167.394,114387.727,426383.28,2
105059.596,498521.552,105060.176,498518.55,2
131339.158,548647.758,131436.488,549131.555,2
135664.679,394504.167,136490.6156,395492.593,2
253731.097,576693.102,254637.398,576865.956,2
74168.29,435581.892,74033.4907,435780.8204,2
178927.952,577795.765,181411.168,574772.04,2
94693.231,461367.331,100187.217,459668.969,2
85834.872,459292.877,85577.895,459025.251,2
180845.415,439692.749,181472.931,436493.894,2
84911.263,436434.984,85860.077,432976.598,2
85577.895,459025.251,85834.872,459292.877,2
190029.524,410358.636,190030.891,410354.549,2
200747.335,501934.494,201264.0,502330.0,2
206510.1,377508.68,206536.771,378090.691,2
151817.064,484350.178,149427.326,487746.789,2
199035.868,497158.094,198580.796,499659.507,2
83018.695,454699.439,85065.15,453359.973,2
91024.0,393377.0,89236.76,393838.146,2
182956.0,329256.0,182498.134,326727.899,2
260384.0,579112.0,262526.0,577425.0,2
134509.396,427963.854,143120.973,429363.9,2
159100.03,469609.931,158227.487,465895.85,2
118095.29,489485.934,118423.815,490459.726,2
131025.51,411487.062,127558.243,411947.779,2
91001.697,406616.284,88539.946,408010.627,2
90813.786,397288.783,89178.414,394895.475,2
124131.195,502041.113,121880.327,500976.076,2
134684.274,411932.734,135670.026,411714.143,2
149443.122,470258.457,147012.686,470646.314,2
202477.0,384618.0,201521.0,386497.0,2
208580.045,434748.22,208141.67,435393.853,2
261249.746,578862.726,256487.51,577236.42,2
190482.903,505222.182,194576.079,502216.14,2
159773.155,577446.608,164853.163,579253.246,2
151937.456,565379.99,131529.167,549563.807,2
115846.224,480913.693,115219.486,481925.052,2
33244.337,392285.074,32405.946,393751.72,2
114324.0,394334.0,116598.356,396019.449,2
98723.528,464892.128,95160.08,462073.623,2
107347.483,529947.298,107356.203,529982.194,2
64506.0,408725.0,64335.0,408674.0,2
167425.412,459379.499,167028.626,461987.644,2
172566.467,483356.9,171184.947,482445.059,2
173492.353,422298.036,168647.324,416965.99,2
93925.0,460486.0,94693.231,461367.331,2
90028.472,431504.45,86969.661,432196.731,2
130021.327,482683.725,131310.909,482439.611,2
168291.814,449695.608,170560.32,448541.654,2
255715.2016,577560.4017,255755.925,576883.478,2
251339.142,562577.694,253422.009,563748.162,2
125062.197,477690.091,124677.7556,478420.3146,2
73024.036,434216.13,70301.626,431046.821,2
136250.355,480877.196,132541.997,482024.058,2
152432.441,565584.969,131529.167,549563.807,2
256487.51,577236.42,255898.153,577081.093,2
111540.824,480155.389,110574.702,478736.418,2
151817.064,484350.178,149427.326,487746.789,2
207067.117,505315.863,204925.6074,504600.5879,2
173489.975,447355.369,170675.019,448485.099,2
168025.675,562069.79,165305.681,563129.715,2
74033.4907,435780.8204,73955.001,435722.608,2
111600.228,480260.876,113449.82,482071.222,2
134390.353,428071.573,143120.973,429363.9,2
149145.263,407947.58,150703.042,409317.805,2
239142.858,498078.873,239508.619,494237.262,2
246014.201,576965.305,249490.524,576612.699,2
97222.3978,434743.2291,98249.002,433520.635,2
162092.841,498586.826,164795.623,506503.058,2
253471.5051,597192.5061,252745.817,598848.641,2
95051.459,430828.758,97010.189,431038.388,2
94939.9755,431540.874,93070.292,430979.932,2
40531.2854,411939.0349,40531.2854,411939.0349,2
98102.099,431662.6969,100241.349,430320.512,2
98847.946,441427.262,96819.984,440784.073,2
88539.946,408010.627,85570.593,404907.034,2
80674.596,390098.064,80297.483,391331.749,2
201203.512,387261.631,202163.071,385134.807,2
243582.726,480752.398,246211.079,479531.6,2
209610.0,378916.0,207298.077,378632.365,2
79011.569,400224.91,85325.5,404299.341,2
202824.309,378488.8239,205687.998,378490.673,2
156045.48,387677.687,158006.47,379914.313,2
205374.67,569144.574,204985.032,568906.894,2
238082.282,487766.342,238139.842,487555.527,2
98824.706,431984.598,100241.349,430320.512,2
64370.951,408661.725,64335.0,408674.0,2
120113.607,411020.068,120282.701,411063.822,2
87027.255,432160.933,86079.392,432115.577,2
55524.489,425395.801,55543.226,425427.292,2
55543.226,425427.292,55524.489,425395.801,2
51497.689,423807.546,55543.226,425427.292,2
167210.1371,464603.5462,167112.277,462893.391,2
163125.498,379480.214,162935.845,379598.532,2
103930.2774,420683.8026,104139.2343,420681.9371,2
180966.637,526006.058,180576.16,530334.643,2
84873.159,438114.42,84850.432,436701.38,2
197011.743,376678.292,188582.929,377981.047,2
121055.3,493167.375,118231.769,496096.124,2
51296.552,423697.709,51337.065,423699.818,2
55543.226,425427.292,55524.489,425395.801,2
198527.851,466843.762,198436.342,466950.685,2
197959.542,466539.048,198527.851,466843.762,2
57922.966,426169.897,55524.489,425395.801,2
73955.001,435722.608,73992.667,435384.377,2
118045.976,489475.914,118423.815,490459.726,2
85535.059,434229.39,84779.327,437458.452,2
87803.272,432105.787,87027.255,432160.933,2
94938.7988,431575.3402,94939.9755,431540.874,2
231428.0,557262.87,231878.641,555150.359,2
249398.0,478722.0,247418.833,478430.233,2
83034.525,450401.525,83565.061,450886.946,2
41990.53,413364.308,41671.587,412741.056,2
151558.414,414163.616,152352.501,412894.478,2
92141.926,430752.872,94474.929,431099.756,2
104944.018,410939.247,103971.985,412734.094,2
108103.041,488716.665,110389.783,488965.59,2
131310.909,482439.611,135502.016,480917.962,2
118062.273,489921.142,118057.423,488433.584,2
105001.824,472516.185,103451.215,471807.584,2
104870.0,472673.0,104721.013,472450.551,2
163684.678,379550.872,162935.845,379598.532,2
103971.985,412734.094,103984.7346,420182.9824,2
227416.7761,525018.56,227463.948,525172.484,2
234598.3108,444456.7766,235417.287,445462.8244,2
226884.909,524953.272,227157.088,524574.829,2
101195.828,429098.585,100867.69,429727.025,2
148601.5338,487749.4317,151331.659,485015.265,2
93760.116,460668.087,87628.25,454834.576,2
93070.292,430979.932,92003.165,430783.534,2
97081.8359,405937.7472,91001.697,406616.284,2
231878.641,555150.359,232583.302,554656.557,2
137681.129,451865.133,139286.373,454312.856,2
226503.462,532861.485,227598.82,529017.927,2
187464.896,346184.446,189717.914,348237.178,2
195137.443,352617.142,199192.319,354906.201,2
201203.512,387261.631,202163.071,385134.807,2
110389.783,488965.59,118012.7153,488690.3161,2
138348.269,452630.395,138248.943,452232.459,2
138119.37,398224.666,140053.55,400484.017,2
167644.3,413615.238,167769.713,415193.999,2
34031.657,390186.345,33244.337,392285.074,2
71013.602,382284.858,77334.857,382972.382,2
96355.0,436501.0,96443.5062,436686.7855,2
96072.529,439993.713,96524.526,438654.847,2
133501.716,454152.35,132811.399,449718.236,2
143393.582,429505.364,144044.709,429923.665,2
161135.895,397651.254,163592.19,400969.114,2
198263.611,441751.686,202465.223,439766.248,2
198176.562,467749.876,196620.592,461819.19,2
167028.626,461987.644,167247.9222,463953.2531,2
132205.2705,482202.088,131004.024,482629.244,2
127577.547,465572.223,130003.508,459548.388,2
109956.359,478008.873,110980.216,479193.955,2
188138.17,434528.314,187994.297,434369.73,2
85561.769,432127.798,88439.715,431931.296,2
104550.328,397521.098,107928.419,398694.774,2
118044.422,487921.083,118089.585,488150.84,2
178468.808,308752.012,178683.801,313563.274,2
185622.66,562825.693,190032.392,554774.7325,2
94958.924,429029.92,95003.39,430468.659,2
109337.453,487058.798,108765.856,488276.464,2
96336.263,439551.847,96169.3735,440479.6233,2
99264.815,431620.049,92003.165,430783.534,2
104120.898,423767.918,104129.9791,421305.4362,2
180964.813,435731.171,181251.451,435518.339,2
252227.47,604379.662,252389.7558,604665.6593,2
193447.977,408432.976,191124.449,408739.443,2
196038.922,461274.224,198784.428,465957.156,2
124929.8113,479274.9562,124799.7951,479109.2161,2
93044.744,468637.064,93774.622,469085.067,2
84393.42,432433.198,85370.765,432272.807,2
108001.427,475826.952,109956.359,478008.873,2
94941.1052,431508.6422,97010.189,431038.388,2
129118.7811,482126.0068,130021.327,482683.725,2
136389.522,480663.305,132541.997,482024.058,2
104129.9791,421305.4362,103811.32,413030.084,2
130024.422,454007.753,132288.17,453444.557,2
180964.813,435731.171,185283.442,433973.831,2
149091.032,408381.746,150703.042,409317.805,2
149995.359,415704.105,150364.255,415276.933,2
31032.633,398010.738,31029.81,398027.509,2
167629.339,379988.901,163684.678,379550.872,2
155008.0,388762.0,150069.33,389348.304,2
120082.29,406632.953,120125.873,410689.645,2
157708.839,382679.657,157850.531,381227.082,2
82051.0,449152.0,82810.019,450201.019,2
100929.969,430088.905,98758.247,432175.851,2
82224.0332,444410.8804,84004.904,440483.562,2
209648.954,521744.646,209657.513,520495.468,2
205275.422,568562.875,205032.214,569012.166,2
141410.199,434244.007,142728.626,432167.661,2
196490.89,546757.743,193737.109,549140.209,2
31407.964,396420.136,31413.157,396404.412,2
108659.0,488778.0,108667.0,488647.0,2
91192.5435,465118.2185,86611.8088,460126.1141,2
191058.007,554665.188,185849.996,562064.812,2
110026.744,486424.985,110357.46,486104.384,2
197959.542,466539.048,196620.592,461819.19,2
149729.2765,430380.254,145066.036,429984.897,2
96819.984,440784.073,96524.526,438654.847,2
179840.248,320600.647,179193.889,320151.972,2
209467.764,521031.141,210337.969,522653.724,2
97479.889,431503.104,96536.22,430962.843,2
108785.0,488658.0,108772.0,488786.0,2
85860.077,432976.598,86096.4279,432112.8904,2
246211.079,479531.6,246744.031,478964.821,2
144375.385,429306.641,144044.709,429923.665,2
86079.392,432115.577,83475.706,432340.211,2
124208.452,411687.691,127315.095,411924.772,2
110980.216,479193.955,113449.82,482071.222,2
84255.9731,437854.485,84615.814,437936.804,2
121220.631,483395.535,119410.756,483590.267,2
73992.667,435384.377,73300.017,434695.801,2
188628.263,434533.274,187994.297,434369.73,2
202160.907,503394.576,198981.7306,500681.5745,2
153247.921,412768.172,152778.812,412230.359,2
109485.729,397774.136,110231.084,393899.884,2
167177.295,562380.873,170649.597,560967.759,2
226523.955,520987.557,227157.088,524574.829,2
221180.336,578107.747,218849.932,576691.445,2
80165.949,392113.706,80431.754,390941.993,2
111489.314,536919.561,111055.797,536311.085,2
74433.555,435472.731,73992.667,435384.377,2
197823.0,491678.0,199035.868,497158.094,2
124346.8484,502448.942,121880.327,500976.076,2
261043.323,578731.216,262526.0,577425.0,2
53295.788,408273.056,53593.0,408359.0,2
71547.976,438054.123,73349.505,436250.687,2
85883.858,453457.485,86999.686,454351.369,2
182022.736,574713.746,184666.249,575691.457,2
84879.38,457547.993,84542.87,457975.571,2
246667.1381,479248.6382,245001.536,480683.679,2
158285.6988,464684.6704,166739.606,464309.623,2
99893.583,471412.647,97576.3779,470809.4616,2
201063.0,502302.0,198981.7306,500681.5745,2
106124.0,488511.0,108103.041,488716.665,2
214136.0,574424.0,217698.494,576224.227,2
41671.587,412741.056,41671.587,412741.056,2
163684.678,379550.872,159056.701,379586.982,2
124493.575,483462.91,123884.141,482897.136,2
202465.223,439766.248,206414.3,436766.368,2
110899.737,536043.662,111489.314,536919.561,2
195605.228,497582.491,197442.125,499356.706,2
213450.304,574169.985,217698.494,576224.227,2
238448.25,487149.89,238082.282,487766.342,2
140777.242,393999.775,137359.981,395908.09,2
36606.682,401744.158,38396.005,406381.822,2
150197.813,409071.696,149220.632,407221.36,2
181599.885,521948.973,181232.61,522804.215,2
254712.358,591974.584,254634.583,593216.556,2
90188.1509,406923.22,95570.803,405581.853,2
172212.52,367296.784,170454.993,368979.894,2
178150.3009,436420.6975,180357.102,436139.571,2
93548.0,402493.0,92985.491,400318.715,2
117534.609,496466.241,117965.177,496603.297,2
238756.367,489552.43,239176.365,489854.506,2
181017.723,547266.352,182374.333,550575.09,2
118986.716,483453.706,121270.7623,483173.2391,2
105100.0,498723.0,105059.596,498521.552,2
111983.454,484052.872,112808.711,482668.282,2
93417.788,431018.146,97010.189,431038.388,2
90862.9665,464666.0617,86611.8088,460126.1141,2
227362.884,525038.905,227288.959,524872.204,2
182816.9881,427978.5171,181956.349,428299.108,2
234391.714,477930.291,243582.726,480752.398,2
145066.036,429984.897,144743.884,429992.248,2
117980.152,489448.85,118057.423,488433.584,2
182849.0,333494.0,182990.354,331995.987,2
114671.449,489664.577,118485.654,490574.494,2
243069.201,461456.702,248333.762,466877.448,2
84036.486,450182.805,84758.459,451896.83,2
124208.452,411687.691,127315.095,411924.772,2
36315.95,401381.88,36606.682,401744.158,2
80571.029,388308.146,80649.091,389269.84,2
227463.948,525172.484,227362.884,525038.905,2
181232.61,522804.215,180966.637,526006.058,2
32405.946,393751.72,32372.7297,393770.2341,2
183127.0,329579.0,183094.284,330397.328,2
178683.801,313563.274,178334.439,316411.46,2
235077.1434,581098.5397,236988.645,581915.837,2
131862.8761,482418.8045,131004.024,482629.244,2
189428.8357,327534.5675,194641.792,321373.412,2
208816.457,571975.743,205374.67,569144.574,2
189480.055,411534.763,190029.524,410358.636,2
142728.626,432167.661,143618.309,430662.941,2
111235.342,536418.114,111489.314,536919.561,2
183094.284,330397.328,183138.385,331002.643,2
122752.847,482114.177,123611.863,482724.504,2
158794.687,389407.839,157429.029,388748.443,2
190030.891,410354.549,190351.983,409429.909,2
87930.141,410763.874,88382.837,409023.17,2
83675.0,391514.0,81124.182,390678.889,2
158617.519,414485.558,156601.248,413885.732,2
83903.4852,450895.6636,84776.841,451979.981,2
177389.975,430052.925,178583.026,431661.78,2
80082.451,391705.705,80431.754,390941.993,2
167146.824,459610.098,169274.555,455839.516,2
200071.688,467999.69,199220.514,467355.906,2
176869.511,429341.3,178583.026,431661.78,2
160805.178,391168.572,161135.895,397651.254,2
71013.602,382284.858,77334.857,382972.382,2
130561.064,525750.159,131119.209,528931.805,2
85561.769,432127.798,86096.3384,432115.5977,2
59140.0,407278.0,64370.951,408661.725,2
80571.029,388308.146,80649.091,389269.84,2
115760.45,399407.0337,115706.43,396304.855,2
87027.255,432160.933,85602.436,433883.95,2
99196.5053,432402.5755,98208.699,433860.903,2
251352.8331,600535.9857,252051.986,599276.906,2
104144.089,424232.046,104129.9791,421305.4362,2
83507.0,437527.0,84255.9731,437854.485,2
151331.812,409657.848,150197.813,409071.696,2
160542.787,389666.253,160805.178,391168.572,2
97146.986,434651.48,96569.289,436203.923,2
108229.274,398833.402,109485.729,397774.136,2
104094.596,423321.3,104187.006,424283.613,2
182787.46,574976.998,182335.164,574819.263,2
102714.074,471700.35,105080.992,472522.472,2
94965.0,461621.0,100187.217,459668.969,2
131436.488,549131.555,151718.864,565262.289,2
198415.743,469465.998,198176.562,467749.876,2
118813.067,491065.906,118508.431,490694.391,2
206689.904,505325.782,204925.6074,504600.5879,2
197939.561,543575.317,196490.89,546757.743,2
151491.6046,413973.7146,152352.501,412894.478,2
179453.561,320871.71,179246.142,320418.448,2
127647.184,483585.668,128067.716,483197.227,2
157280.889,388571.645,159870.665,389627.128,2
93728.323,426285.023,88012.697,418984.655,2
252745.817,598848.641,252745.817,598848.641,2
254634.583,593216.556,254574.8183,593438.1601,2
32993.3,388829.975,34024.782,389230.653,2
49320.335,420499.277,49320.335,420499.277,2
59997.034,425078.272,57922.966,426169.897,2
198436.342,466950.685,198265.36,468492.181,2
208656.0579,373397.0668,207209.0,370146.694,2
191998.416,449049.886,191826.115,448344.945,2
33583.967,390652.3,34317.357,389729.529,2
138850.883,452130.281,138280.2872,451933.3375,2
117889.456,486785.44,118071.3641,488152.345,2
232666.97,552335.862,232913.89,553448.292,2
146077.9253,470912.2124,145374.9412,471090.657,2
103708.0504,412162.574,103984.7346,420182.9824,2
227490.676,475139.759,234391.714,477930.291,2
184082.197,448479.944,190513.651,447941.94,2
124418.3233,428388.2628,124478.547,428525.089,2
101502.0,430068.0,100929.969,430088.905,2
159056.701,379586.982,156230.379,386779.736,2
226488.235,524913.439,226884.909,524953.272,2
181251.451,435518.339,181075.629,439279.556,2
76228.726,435077.057,75737.049,435250.316,2
86096.4279,432112.8904,86788.87,432080.653,2
127857.5526,480725.5738,128857.647,481657.126,2
104544.888,411296.002,106619.76,407156.609,2
136490.6156,395492.593,140325.114,394190.85,2
96606.354,438159.485,96338.284,437199.135,2
202465.223,439766.248,206414.3,436766.368,2
187344.141,434215.885,186446.177,434084.26,2
127889.608,483415.92,126571.794,484626.155,2
120125.873,410689.645,120282.701,411063.822,2
167696.298,414085.994,167769.713,415193.999,2
232944.505,553942.366,232990.52,554594.351,2
168390.371,449864.395,170560.32,448541.654,2
246543.121,576699.363,249490.524,576612.699,2
185849.996,562064.812,184343.302,566715.85,2
128156.408,483181.443,126571.794,484626.155,2
36606.682,401744.158,36315.95,401381.88,2
177393.2626,540070.3192,180299.654,531522.547,2
117389.4925,410387.0583,114634.3142,409224.9119,2
204806.907,535030.851,203118.931,535478.22,2
98399.968,432858.514,92003.165,430783.534,2
179093.0,311420.0,178683.801,313563.274,2
87803.272,432105.787,83475.706,432340.211,2
38518.839,406495.171,38396.005,406381.822,2
181747.9496,435240.5639,181075.629,439279.556,2
110861.723,485598.717,110237.029,478839.148,2
100241.349,430320.512,102164.887,430035.099,2
236563.63,485456.764,237359.395,484577.114,2
158387.858,464780.388,166739.606,464309.623,2
89706.214,431555.692,86969.661,432196.731,2
188805.632,491113.467,195605.228,497582.491,2
131700.923,411411.703,127558.243,411947.779,2
106705.859,488568.785,108103.041,488716.665,2
85325.5,404299.341,87660.187,407854.164,2
105359.434,496629.092,108666.5998,489279.8467,2
182098.729,574091.031,182054.019,574509.117,2
131339.158,548647.758,151718.864,565262.289,2
157855.592,382022.799,157730.72,383100.019,2
31031.376,398064.42,31029.81,398027.509,2
169492.213,407068.202,167964.64,405619.484,2
60392.0,386647.0,71013.602,382284.858,2
78494.051,383274.202,72175.026,382350.078,2
146484.02,470689.202,145374.9412,471090.657,2
113389.779,543472.607,113457.841,543643.025,2
112082.273,538886.613,112082.273,538886.613,2
137657.0,481403.0,138435.313,482247.888,2
204437.516,569630.255,204856.661,569238.626,2
158091.621,379452.025,162193.372,379538.412,2
149425.7588,488495.6622,151331.659,485015.265,2
267079.375,575252.4,263469.071,576772.053,2
155603.033,388341.602,156045.48,387677.687,2
176597.451,381677.21,167629.339,379988.901,2
174650.796,517522.7552,178645.776,521573.736,2
154841.254,388609.695,155603.033,388341.602,2
167028.626,461987.644,167247.9222,463953.2531,2
111489.314,536919.561,112082.273,538886.613,2
96665.194,437795.782,96336.263,439551.847,2
109684.591,397426.025,109232.803,398801.864,2
83028.59,454706.378,85065.15,453359.973,2
88998.0,394172.0,90217.373,396524.631,2
77763.404,382637.443,72175.026,382350.078,2
255101.416,566697.25,253589.256,563902.453,2
93301.841,468733.58,93774.622,469085.067,2
88559.13,393715.057,90217.373,396524.631,2
96536.22,430962.843,93070.292,430979.932,2
170082.913,369495.635,171556.965,367781.797,2
104360.37,423538.844,104187.006,424283.613,2
80191.546,384147.955,78494.051,383274.202,2
138376.307,451998.777,138280.2872,451933.3375,2
130850.661,482641.982,128886.354,482848.0697,2
103775.433,448458.542,101579.608,448231.662,2
144044.709,429923.665,143942.951,429831.513,2
164910.636,475076.544,166826.362,480134.871,2
148456.748,487336.776,148601.5338,487749.4317,2
193983.6394,459845.2134,193802.3252,457108.4919,2
173138.6,422007.287,176869.511,429341.3,2
110357.46,486104.384,110985.3495,485543.8498,2
121969.52,482604.757,123611.863,482724.504,2
237359.395,484577.114,240827.003,482526.672,2
170082.913,369495.635,171556.965,367781.797,2
240827.003,482526.672,243739.0,481508.0,2
98208.699,433860.903,96569.289,436203.923,2
134094.4723,444378.69,134968.619,443662.362,2
55524.489,425395.801,55543.226,425427.292,2
103861.965,420683.322,103930.2774,420683.8026,2
170395.229,482539.421,172252.118,483026.171,2
172919.966,483553.915,171184.947,482445.059,2
181395.688,436128.625,181251.451,435518.339,2
99196.5053,432402.5755,96336.263,439551.847,2
137698.0,458767.0,138151.238,459085.855,2
193899.704,408345.051,191124.449,408739.443,2
179002.939,578338.756,181411.168,574772.04,2
85325.5,404299.341,87660.187,407854.164,2
130243.186,482676.536,131310.909,482439.611,2
85035.488,436022.907,85860.077,432976.598,2
94555.0,403968.0,96584.2,405536.131,2
84510.812,457945.193,84542.87,457975.571,2
95137.5,440289.746,96524.526,438654.847,2
228045.222,475383.1762,234391.714,477930.291,2
191826.115,448344.945,194911.092,444232.441,2
188306.315,434986.12,187344.141,434215.885,2
118045.976,489475.914,118062.273,489921.142,2
247096.367,478786.366,245001.536,480683.679,2
130850.661,482641.982,128252.4238,481030.238,2
157789.822,379451.369,158091.621,379452.025,2
198883.361,467147.676,198265.36,468492.181,2
103221.2011,471735.2011,105080.992,472522.472,2
161929.0,435989.0,167752.851,436825.787,2
85257.603,452593.998,85883.858,453457.485,2
190646.199,554418.168,190492.2,554400.894,2
120337.9187,478817.4336,124453.4,477643.109,2
108667.0,488647.0,108785.0,488658.0,2
199220.514,467355.906,198883.361,467147.676,2
163125.498,379480.214,167164.477,379745.865,2
47179.251,418498.213,49320.335,420499.277,2
94535.163,469549.727,97359.0096,470726.753,2
132541.997,482024.058,130850.661,482641.982,2
82810.019,450201.019,84776.841,451979.981,2
156734.555,573596.964,155238.73,568917.526,2
137431.919,481732.744,136250.355,480877.196,2
202753.463,503879.354,202160.907,503394.576,2
104005.0,424083.0,104129.9791,421305.4362,2
180969.672,381021.134,187602.141,378346.098,2
85602.436,433883.95,85535.059,434229.39,2
151718.864,565262.289,153889.411,566954.756,2
97710.769,431426.797,96336.263,439551.847,2
86611.8088,460126.1141,85834.872,459292.877,2
178683.801,313563.274,178334.439,316411.46,2
161388.495,389758.23,160805.178,391168.572,2
99376.794,432772.545,99196.5053,432402.5755,2
231171.5922,557031.1018,231878.641,555150.359,2
100929.969,430088.905,99264.815,431620.049,2
128722.497,482867.133,130243.186,482676.536,2
157380.972,384753.068,157703.011,383443.163,2
87353.475,437968.095,85824.006,438007.866,2
110357.46,486104.384,110237.029,478839.148,2
186958.209,415901.95,186059.87,419773.015,2
238542.307,485785.992,237496.958,484536.252,2
181008.259,439668.246,181472.931,436493.894,2
186107.626,513081.645,184041.821,516759.317,2
138324.171,398584.255,140053.55,400484.017,2
183306.987,570111.694,184099.127,567609.509,2
131481.209,394538.355,135288.209,394215.598,2
107252.913,406630.766,107216.63,406618.944,2
158407.848,414507.833,156601.248,413885.732,2
148308.02,414250.127,150204.805,414715.26,2
138435.313,482247.888,141506.563,484410.862,2
92003.165,430783.534,87803.272,432105.787,2
111941.49,407841.563,107252.913,406630.766,2
145374.9412,471090.657,144277.382,472185.56,2
141761.795,468192.1042,144417.459,471214.07,2
167354.687,459024.696,167028.626,461987.644,2
197442.125,499356.706,200747.335,501934.494,2
161452.108,435801.055,167752.851,436825.787,2
98722.4755,407728.2203,97081.8359,405937.7472,2
201568.18,502789.013,201063.0,502302.0,2
108772.0,488786.0,108659.0,488778.0,2
237496.958,484536.252,240827.003,482526.672,2
112123.37,539196.778,112082.273,538886.613,2
110973.041,488919.481,109220.042,488842.162,2
86055.51,391295.069,88363.283,393379.953,2
64335.0,408674.0,64370.951,408661.725,2
184901.0,329614.0,183828.57,330576.501,2
139286.373,454312.856,139570.656,455717.164,2
180985.0,443041.0,184625.913,448101.65,2
210525.808,523612.104,209648.954,521744.646,2
147724.677,418637.983,149995.359,415704.105,2
73091.716,434181.488,73936.165,435313.656,2
222289.567,522399.9871,226488.235,524913.439,2
99208.917,431963.93,98707.861,432063.467,2
87376.0,438108.0,85824.006,438007.866,2
94939.9755,431540.874,94941.1052,431508.6422,2
182417.0982,574922.7746,182279.1425,574834.36,2
190513.651,447941.94,192847.791,452013.788,2
144743.884,429992.248,143942.951,429831.513,2
122883.301,481419.582,122752.847,482114.177,2
195133.79,465206.564,197619.9062,466429.7536,2
208348.338,571807.387,205374.67,569144.574,2
33788.242,390367.509,34317.357,389729.529,2
203488.671,378488.273,205687.998,378490.673,2
95060.887,428749.893,95003.39,430468.659,2
154307.124,460301.7,156342.999,461486.856,2
145101.98,411995.884,144241.86,411738.105,2
204695.789,569247.541,204856.661,569238.626,2
197603.695,392570.084,201203.512,387261.631,2
89222.974,431662.502,93417.788,431018.146,2
148079.351,486892.815,148601.5338,487749.4317,2
108457.0478,487304.8609,108765.856,488276.464,2
186446.177,434084.26,182152.269,434950.275,2
133260.405,411682.16,131700.923,411411.703,2
166739.606,464309.623,167112.277,462893.391,2
138280.2872,451933.3375,138334.374,451815.153,2
240355.946,555240.451,233699.464,554257.635,2
103581.8059,411708.0437,103708.0504,412162.574,2
187733.851,346345.356,189717.914,348237.178,2
87782.0,410738.0,88382.837,409023.17,2
163021.7655,499059.3856,164795.623,506503.058,2
159277.389,566735.775,156477.541,567638.443,2
86969.661,432196.731,86079.392,432115.577,2
154594.6,460374.471,156342.999,461486.856,2
239077.0,489648.0,239176.365,489854.506,2
227949.382,526331.933,227827.717,528026.195,2
189844.9757,326903.7162,194641.792,321373.412,2
157850.531,381227.082,157967.664,379973.337,2
105137.56,410330.059,103971.985,412734.094,2
90188.1509,406923.22,95570.803,405581.853,2
38688.702,406586.843,38555.057,406502.382,2
103930.2774,420683.8026,103811.32,413030.084,2
233283.974,554381.544,232990.52,554594.351,2
97710.769,431426.797,98102.099,431662.6969,2
98707.861,432063.467,98824.706,431984.598,2
128237.524,483101.81,126571.794,484626.155,2
82956.857,450448.656,83565.061,450886.946,2
110380.539,390285.463,110460.153,392787.985,2
96503.639,437475.125,96336.263,439551.847,2
51337.065,423699.818,51497.689,423807.546,2
226884.909,524953.272,227416.7761,525018.56,2
114181.706,489680.713,111453.74,486415.556,2
208356.547,499977.167,209716.716,498942.226,2
86999.686,454351.369,84879.38,457547.993,2
192273.038,449696.755,192847.791,452013.788,2
170649.597,560967.759,172705.545,559520.223,2
186446.177,434084.26,182152.269,434950.275,2
111540.824,480155.389,113449.82,482071.222,2
199772.035,357773.605,202034.11,363482.637,2
96524.526,438654.847,98249.002,433520.635,2
183208.191,328966.277,183048.637,329796.754,2
87139.749,454235.324,87124.0,454253.0,2
119798.9132,493967.739,118231.769,496096.124,2
170789.9022,482415.0606,172252.118,483026.171,2
150204.805,414715.26,147891.807,418722.621,2
78154.593,431701.672,79891.479,431618.317,2
51296.552,423697.709,51337.065,423699.818,2
32490.546,399898.526,32490.546,399898.526,2
84255.9731,437854.485,84850.432,436701.38,2
180299.654,531522.547,180851.6185,527114.0992,2
174505.491,517584.591,171959.083,513448.587,2
166931.793,459334.004,169274.555,455839.516,2
111453.74,486415.556,110237.029,478839.148,2
109968.702,477979.247,110980.216,479193.955,2
76228.726,435077.057,74356.42,435453.265,2
86983.4792,454407.9067,86107.9255,453805.6479,2
110861.723,485598.717,110985.3495,485543.8498,2
255067.777,576893.454,255792.963,577032.783,2
156769.0,390769.0,157688.797,389616.597,2
94474.929,431099.756,97010.189,431038.388,2
31413.157,396404.412,31407.964,396420.136,2
144806.494,471515.544,144897.332,471476.875,2
137224.53,481329.641,138435.313,482247.888,2
85370.765,432272.807,88439.715,431931.296,2
85046.068,435612.752,85860.077,432976.598,2
85300.306,432276.327,93417.788,431018.146,2
190411.6704,554297.9973,190571.613,554318.265,2
110494.837,478671.127,110646.876,484805.156,2
84004.904,440483.562,84850.432,436701.38,2
148262.4459,487349.7987,146577.3422,485577.7403,2
253265.8356,469928.7535,253234.516,469871.623,2
143120.973,429363.9,143393.582,429505.364,2
158770.1044,469234.9378,158227.487,465895.85,2
252745.817,598848.641,252745.817,598848.641,2
182054.019,574509.117,184666.249,575691.457,2
136331.815,452208.803,137705.099,451809.96,2
180571.409,381136.173,187602.141,378346.098,2
86096.3384,432115.5977,85602.436,433883.95,2
178583.026,431661.78,180604.025,434864.677,2
118423.815,490459.726,119910.277,492638.713,2
232913.89,553448.292,232944.505,553942.366,2
209953.833,520589.809,209467.764,521031.141,2
144518.039,429050.154,144375.385,429306.641,2
156572.199,385687.16,156265.569,387063.37,2
91001.697,406616.284,88539.946,408010.627,2
115558.173,481003.455,118501.342,479532.322,2
103045.832,411400.745,103708.0504,412162.574,2
98370.418,407459.089,97081.8359,405937.7472,2
147544.636,419158.92,149995.359,415704.105,2
84004.904,440483.562,84663.233,438408.461,2
151347.534,480651.453,151817.064,484350.178,2
38555.057,406502.382,38396.005,406381.822,2
167247.9222,463953.2531,167210.1371,464603.5462,2
125139.977,411706.889,120267.897,411098.877,2
224106.2182,513881.8631,224106.3825,513886.6139,2
119659.223,410893.785,120267.897,411098.877,2
224173.563,512803.982,224106.2182,513881.8631,2
167223.316,464616.506,167210.1371,464603.5462,2
120282.701,411063.822,120267.897,411098.877,2
130824.383,549084.725,131253.79,549184.172,3
125139.977,411706.889,120267.897,411098.877,2
224218.0,513309.0,224106.3825,513886.6139,2
224093.0,513260.0,224173.563,512803.982,2
224173.563,512803.982,224174.298,512799.284,2
