first_point_x,first_point_y
181251.451,435518.339
97133.0,434490.0
226645.8994,521025.053
180851.6185,527114.0992
107252.913,406630.766
276770.816,578230.023
170649.597,560967.759
180734.887,522764.232
115246.424,426079.38
62243.649,427079.122
146377.878,457858.46
119846.222,492614.767
115219.486,481925.052
133304.68,453085.61
232822.02,508244.427
134160.806,452771.192
158339.7381,576319.5901
82698.3,431998.01
146683.576,457737.181
177523.468,540654.718
104721.013,472450.551
178324.85,316015.565
254574.8183,593438.1601
55350.1641,407808.7214
192847.791,452013.788
119774.926,410696.024
157492.072,465623.485
88125.114,440877.772
125130.346,429470.621
254637.398,576865.956
192116.24,405782.956
232955.475,507995.748
156492.5,391128.764
158883.919,464472.434
206028.681,380697.914
198730.9907,441455.9303
176869.511,429341.3
196077.8049,443503.1513
148458.5962,408136.0196
156937.612,463548.611
185849.996,562064.812
136893.0863,451947.4234
140325.114,394190.85
159870.665,389627.128
198981.7306,500681.5745
86999.686,454351.369
133495.382,454631.034
162967.077,379446.385
157866.522,382277.887
157165.323,466023.787
139147.5654,461039.3121
96443.5062,436686.7855
91512.382,393428.788
85209.4148,436132.9401
210134.198,518165.936
183009.368,333847.805
159504.345,379623.154
111813.8101,483908.326
133427.941,453973.347
110574.702,478736.418
194911.092,444232.441
98399.968,432858.514
122698.827,492422.65
121707.066,500839.577
248149.0,476203.0
92141.926,430752.872
178645.776,521573.736
183012.109,448275.22
88872.459,394239.673
243739.0,481508.0
198859.897,316278.379
232930.648,508049.73
180966.637,526006.058
167210.1371,464603.5462
86969.661,432196.731
124849.8641,428570.3854
157751.683,465383.533
191826.115,448344.945
193802.3252,457108.4919
138850.883,452130.281
157585.345,464890.575
184082.197,448479.944
200747.335,501934.494
149295.6649,470178.578
141761.795,468192.1042
178334.439,316411.46
133353.201,453015.163
251311.04,600753.647
118485.654,490574.494
145229.509,472185.48
134584.301,452900.805
105333.051,498837.045
137578.385,448588.683
240925.0201,482618.7255
84850.432,436701.38
238343.708,580314.307
251557.419,562560.218
133942.8123,444925.81
130003.508,459548.388
124816.29,428297.381
117635.122,396606.552
110451.998,455796.7
84776.841,451979.981
125015.526,478504.367
105940.134,429303.084
194328.583,320582.973
114977.802,426239.36
126164.634,485094.283
85883.858,453457.485
189260.0,553526.0
144051.247,472331.695
109551.112,477254.903
80829.46,390614.91
174399.537,517100.676
220874.255,577767.995
126657.9087,480106.2549
120306.144,544469.847
70265.113,431035.974
178259.251,319229.347
153604.642,412886.591
124866.706,428713.426
93082.0,425865.0
198068.5808,500226.8219
152329.969,410705.076
143667.647,472705.549
163230.969,563605.914
192679.0715,447363.7865
137371.373,396746.158
231282.053,526029.447
106131.9567,429253.8859
126161.524,474918.825
124609.1684,478568.2448
65491.79,429670.632
108744.955,402127.213
198580.796,499659.507
180604.025,434864.677
216447.247,489132.628
138821.177,479820.287
227754.375,526909.381
155765.8452,460657.0971
184625.913,448101.65
92677.8404,439629.3324
205988.627,378483.186
131430.0,394381.0
197847.09,500484.137
70301.626,431046.821
111391.0,407757.0
202160.907,503394.576
227804.368,526397.8636
124729.084,428053.811
124972.0,428824.0
84253.6059,451445.5049
191772.0,553309.0
174505.491,517584.591
120224.038,492846.487
146375.072,457607.535
236916.83,582584.371
124038.713,428238.91
251027.703,601353.836
150509.0,375780.0
195605.228,497582.491
108765.856,488276.464
247418.833,478430.233
150069.33,389348.304
109220.042,488842.162
102703.0,425471.0
65525.441,429688.74
127158.71,546774.921
157878.257,465189.55
122638.865,482890.903
127125.615,546756.802
254634.583,593216.556
199035.868,497158.094
155042.155,388315.9445
132788.945,453246.199
158227.487,465895.85
125112.648,483506.191
198274.059,499980.993
189641.318,353022.333
157874.892,465340.916
124990.92,429060.066
120653.55,493164.238
170846.894,449566.594
191664.532,553232.266
127934.7765,480842.4579
47235.0,368480.0
179193.889,320151.972
126586.775,486238.164
197806.174,499650.119
124965.854,428685.171
206312.317,375528.845
158006.47,379914.313
164646.098,563318.774
180299.654,531522.547
125499.456,428755.547
160637.538,392032.717
131004.024,482629.244
128559.7878,428433.0909
178168.821,436347.167
187994.297,434369.73
133816.224,452943.276
84393.42,432433.198
158040.337,465649.144
98285.0,441207.0
131310.909,482439.611
124495.629,427246.3
151902.079,414157.801
133076.041,453379.021
138430.205,479870.825
124799.7951,479109.2161
124478.547,428525.089
125008.6959,479167.7472
180324.787,429034.351
157739.442,382370.855
226445.46,532429.455
83866.015,391410.272
210131.222,378729.79
195660.0,443743.0
117929.2522,487454.7612
145495.977,427432.926
126952.532,434756.775
161505.343,379528.172
134186.1813,452716.8858
126871.086,486578.501
150304.551,430541.221
155882.7574,467365.3184
188407.584,435441.535
77322.68,433921.845
251352.8331,600535.9857
59997.034,425078.272
51497.689,423807.546
159277.389,566735.775
114018.0,394591.0
88962.177,394496.004
149533.154,406373.154
90217.684,463367.9493
138068.287,451712.125
204003.77,504387.251
138212.609,451088.321
185622.66,562825.693
98179.72,464315.165
146509.114,457408.528
30557.945,386830.801
182271.664,573444.256
169274.555,455839.516
60065.946,425081.552
120350.206,544474.053
124167.631,479285.92
178170.988,317128.213
161135.895,397651.254
73856.748,435450.157
150045.532,375559.981
227693.267,526295.643
132288.17,453444.557
196490.89,546757.743
190492.2,554400.894
121938.8454,500667.1288
116399.515,400588.049
196849.1726,442680.2315
179312.745,522067.213
79362.959,400606.382
109643.245,524016.374
138615.0,455606.0
167629.339,379988.901
84542.87,457975.571
115579.344,481324.719
179246.142,320418.448
143011.547,452492.332
33244.337,392285.074
128894.228,428302.842
202184.0588,503493.9421
157751.875,465237.472
173070.6829,447489.953
116480.7565,480229.9765
85370.765,432272.807
98919.09,432150.435
140222.76,483621.995
167177.295,562380.873
73625.093,435997.881
134968.619,443662.362
130794.57,549067.889
133593.781,452763.339
142587.767,369973.811
115986.503,399697.351
36216.0,391291.0
205088.387,568878.808
109000.776,502817.013
199221.532,315608.34
157334.693,463751.41
154622.592,413357.912
183048.637,329796.754
112127.521,484252.671
125937.597,428751.84
97646.0,431181.0
119799.958,493783.457
131529.167,549563.807
158139.058,465025.779
160805.178,391168.572
184626.626,552525.667
84863.3792,436083.3979
79718.067,383794.246
256271.679,573079.319
119560.0,493916.0
80649.091,389269.84
254600.4959,593580.3536
85063.044,436134.303
87628.25,454834.576
86788.87,432080.653
88363.283,393379.953
66865.629,439247.311
198200.103,500109.762
124994.982,490918.888
194431.0,320599.0
155721.993,467725.027
151718.864,565262.289
33840.496,390477.379
80224.447,384355.612
250958.705,601573.956
126629.422,486791.939
89919.7637,431323.9834
139543.348,412307.404
133057.993,448838.24
144764.7139,471296.9788
233699.464,554257.635
158596.373,379600.968
157850.531,381227.082
74356.42,435453.265
266566.375,575717.842
180845.978,435111.914
202034.11,363482.637
87805.289,452098.755
171689.0,367780.0
104857.5878,397786.0253
127847.764,483336.899
86611.8088,460126.1141
191058.007,554665.188
105875.132,429580.761
151800.9643,489959.9493
157451.247,464506.567
133120.84,452551.601
132919.179,448714.849
91406.0,398297.0
158682.144,464608.621
155103.531,388537.962
87124.0,454253.0
120866.931,415222.22
121419.411,493128.674
130021.327,482683.725
192260.36,405166.162
133501.716,454152.35
41671.587,412741.056
197186.873,442264.301
32405.946,393751.72
167247.9222,463953.2531
138248.943,452232.459
89222.974,431662.502
158387.858,464780.388
121984.638,416391.549
121555.9446,483058.9071
137620.19,448980.733
59140.0,407278.0
127277.943,484180.888
256212.462,572617.226
162935.845,379598.532
138219.224,479197.268
209648.954,521744.646
115661.7857,483359.8295
178364.602,315723.34
85285.403,453236.912
123368.467,480585.248
96355.0,436501.0
238352.3,485558.129
127214.999,411820.751
139497.75,455908.036
244916.0,577759.0
63420.526,383711.042
36261.419,401363.661
129293.932,515338.687
224786.004,524311.232
114191.878,394452.077
33301.805,401173.481
191960.0,448487.0
236316.599,581573.83
190032.392,554774.7325
63026.911,384038.639
235310.709,581170.007
145451.024,473358.925
129825.526,440602.4562
157429.029,388748.443
85065.15,453359.973
121791.425,453761.433
177943.655,318801.15
157688.797,389616.597
178017.345,318730.655
182283.191,330800.421
125392.0,483682.0
227358.009,440528.667
184099.127,567609.509
79606.398,376981.282
156734.555,573596.964
106590.044,449434.866
60377.07,386867.93
115208.601,489528.632
142728.626,432167.661
87338.169,452288.802
176444.93,430480.221
124630.665,427334.005
239904.851,555086.504
86443.645,452630.08
102631.616,430303.204
150859.75,480257.757
123239.428,482540.104
139533.855,412264.771
182324.916,573193.23
125349.199,483908.412
116000.3,480917.954
33407.807,388875.012
169340.405,464543.284
111453.74,486415.556
154672.251,433742.339
107175.393,498784.51
145713.0,473569.0
99376.794,432772.545
206061.431,501139.039
139286.373,454312.856
85973.5918,452989.995
113449.82,482071.222
123884.141,482897.136
177555.293,318961.259
158180.652,576171.46
105060.176,498518.55
120285.947,544494.577
159773.155,577446.608
208356.547,499977.167
233085.072,507778.998
125374.058,477001.118
109485.729,397774.136
113570.6595,489809.507
139580.137,456210.119
191011.306,553969.846
177373.265,429977.781
162079.9071,388550.0359
105072.413,498518.652
238448.25,487149.89
249896.374,478746.592
78601.399,431551.556
180546.7484,552831.5037
127140.0,412048.0
145520.562,473884.951
117814.088,396472.38
114575.9725,482479.3441
139109.287,455836.179
45386.949,368382.315
158119.7346,576169.2898
177867.497,429795.124
46319.0,368227.0
115005.265,482809.213
115675.268,547315.004
95171.704,469891.312
96338.284,437199.135
96569.289,436203.923
183856.979,552414.211
109736.763,388756.718
170700.399,449667.848
102028.6102,427993.1103
180452.667,553292.438
36315.95,401381.88
84401.862,457855.73
102726.046,425777.795
184343.302,566715.85
157092.676,463061.894
189402.228,412076.266
127315.095,411924.772
236893.609,582645.207
150197.813,409071.696
140261.275,412100.522
98758.247,432175.851
148531.062,408204.65
170782.897,450024.886
130394.0,539545.0
190494.294,325526.913
116131.105,400136.564
115436.101,547410.809
108993.378,400066.061
102839.0,430264.0
248649.253,473559.345
195046.408,320850.273
183306.987,570111.694
102164.887,430035.099
109817.372,396914.508
53593.0,408359.0
127558.243,411947.779
136099.845,445223.538
120573.932,414119.955
182576.715,330866.661
140386.044,456087.139
180357.102,436139.571
157178.642,463505.44
176839.503,430263.484
191934.0,447812.0
102445.932,426756.517
135834.35,443967.251
115465.362,547399.586
141402.26,434573.33
167731.1643,371939.2319
121802.4667,453669.2329
36283.5,401367.42
102776.002,429899.518
126095.187,475478.366
148985.077,408522.189
36282.289,401412.346
130337.6769,440712.2969
113704.917,394133.55
102834.0,430248.0
177787.619,318346.929
139375.987,456236.209
112808.711,482668.282
255256.896,566935.153
248146.267,475727.21
114153.257,482393.23
237523.617,581397.094
193737.109,549140.209
198197.744,469029.352
140356.88,456139.565
195142.765,320595.356
187087.697,415903.037
114193.573,482191.979
236988.645,581915.837
143109.34,473524.087
141112.143,477368.73
124591.4086,479086.5023
132871.24,450920.297
137163.396,396509.696
198332.989,500313.527
91616.111,439441.772
138376.307,451998.777
109632.499,477314.133
138745.69,458034.398
139072.302,456985.24
86637.854,432598.29
194576.079,502216.14
237620.02,484136.954
108909.896,401738.597
187515.514,552981.887
153889.411,566954.756
206205.304,377085.781
125484.1833,479478.9214
125289.2476,479327.2049
158081.526,379834.81
132900.809,448226.438
139284.556,452327.006
89400.341,438278.298
165160.0,475410.0
60087.554,425081.889
84163.787,432371.061
128252.4238,481030.238
167665.227,464457.717
198311.837,500079.226
162864.358,563769.318
181078.249,523463.711
73300.017,434695.801
151830.773,413860.444
276466.614,578251.811
96819.984,440784.073
109956.359,478008.873
72911.14,433798.745
73992.667,435384.377
169332.796,464685.688
163234.936,378796.803
181232.61,522804.215
255898.153,577081.093
210280.2996,516949.6635
91737.225,398458.277
178583.026,431661.78
205915.0,381250.0
127212.939,546801.436
93586.0,402330.0
106944.188,498401.002
151021.738,414765.349
105236.0,496938.0
206444.4961,375745.1898
185330.529,329317.59
108830.335,401718.721
67653.135,430587.846
109092.862,477716.684
255755.925,576883.478
103048.422,430066.882
126216.729,485235.929
206617.92,378530.216
237359.395,484577.114
137758.411,397345.454
197775.3,491807.805
155005.484,433937.284
121270.7623,483173.2391
154996.781,568717.43
67691.103,430590.492
108991.632,401270.037
206501.219,378556.945
242737.506,461231.734
48399.391,369525.823
94634.0,403800.0
109306.585,477605.4
95160.08,462073.623
109968.702,477979.247
221089.392,577936.627
131001.544,411648.908
135670.026,411714.143
120701.0,492996.0
105999.913,473633.962
89004.761,431840.496
88188.394,440585.193
181866.1686,467938.6952
124628.5087,491315.3252
130307.88,539009.938
105202.977,498746.658
206535.617,378459.443
206236.653,376735.349
139073.871,412170.428
104343.023,471700.996
105463.874,448787.316
105955.0,429308.0
139699.266,412252.648
181102.365,442610.005
145390.0,473935.0
191925.102,552899.796
111213.229,486165.775
207026.349,378614.756
157789.822,379451.369
86107.9255,453805.6479
130667.275,525918.044
85535.059,434229.39
232844.941,552756.808
206469.724,379411.445
152480.682,410552.251
191402.412,553604.502
205032.214,569012.166
91312.48,451621.627
191325.028,447751.714
191968.0,447547.0
248908.237,473016.776
154125.251,413104.854
227288.959,524872.204
192915.944,555543.102
83565.061,450886.946
215104.584,490492.918
181472.931,436493.894
185227.0,448779.0
32920.903,400893.655
207298.077,378632.365
60904.291,425787.86
201568.18,502789.013
143259.996,452402.066
126218.3086,479863.8909
126722.127,486687.888
138704.041,439097.499
189229.545,491461.804
205687.998,378490.673
88382.837,409023.17
206524.586,379103.801
110250.661,427365.49
106092.0,429501.0
148733.084,414252.844
182497.409,574814.123
60066.457,425077.304
88990.3355,431732.406
128722.497,482867.133
61570.621,426531.539
187344.327,434212.313
111167.515,485441.355
118697.643,498475.713
227588.024,525447.533
205118.261,568971.632
195474.695,352901.034
199784.276,357234.231
206592.353,378644.278
99471.0,433367.0
87660.187,407854.164
85437.0,438099.0
107103.519,449625.415
206536.771,378090.691
99486.0,471395.0
227157.088,524574.829
130523.0,453844.0
117613.756,426301.388
179199.536,320396.99
136085.0,394702.0
107057.482,498861.726
261114.649,578864.142
128886.354,482848.0697
162193.372,379538.412
192360.188,447521.845
108785.0,488658.0
157703.011,383443.163
91277.0,439324.0
111357.547,480190.008
140777.242,393999.775
146200.958,485090.563
190089.846,554057.211
101195.828,429098.585
198176.562,467749.876
142932.821,431880.952
51337.065,423699.818
120403.6899,406759.223
88725.0,394198.0
95003.39,430468.659
165510.327,373974.746
106846.531,428862.233
145508.412,411755.611
36389.766,391256.162
205358.455,568264.939
108577.9643,428254.3035
86871.758,454516.8967
93417.788,431018.146
118780.846,491056.112
85679.773,432281.063
198883.361,467147.676
131253.79,549184.172
138348.269,452630.395
156477.541,567638.443
178323.23,316621.645
105336.54,499011.529
71723.242,437596.626
239508.619,494237.262
80947.116,431694.153
32372.7297,393770.2341
117320.317,426267.837
133627.584,455024.658
118053.684,489126.481
177079.692,429630.246
205241.194,534812.473
84758.459,451896.83
141506.563,484410.862
142288.471,411661.353
85778.429,391456.471
176465.367,381538.106
115931.952,483446.9098
85046.068,435612.752
118106.203,488694.108
197718.969,544023.544
193422.329,555595.58
100867.69,429727.025
96982.212,434548.558
144494.202,471932.784
118089.585,488150.84
119550.485,410864.37
198003.137,544143.234
82327.703,444375.068
97010.189,431038.388
32465.589,399851.153
119979.095,493427.455
139539.018,412404.162
108103.041,488716.665
165764.412,373354.169
197743.273,392541.716
160530.862,391611.204
137705.099,451809.96
130243.186,482676.536
209894.692,519355.409
118026.47,489864.681
252051.986,599276.906
157974.0518,576011.1665
108809.377,487656.093
88439.715,431931.296
111512.964,480593.214
197619.9062,466429.7536
124071.362,479474.776
108454.5389,487319.6986
104728.8725,410820.2002
125597.075,484121.955
166091.625,373076.519
118704.314,490828.447
137460.166,397111.208
66710.694,438924.42
232583.302,554656.557
109135.524,477054.188
49320.335,420499.277
201063.0,502302.0
116653.687,453377.937
138425.063,439450.054
187586.664,433422.548
190662.647,504750.719
111534.4235,485095.2228
145374.9412,471090.657
80668.811,388196.423
89310.536,431602.519
198784.428,465957.156
156748.765,385345.989
145439.0,427025.0
139388.2408,461549.6555
157430.336,388724.54
198694.989,466270.789
104069.404,421012.8228
108666.5998,489279.8467
118071.3641,488152.345
137554.625,481588.419
85357.557,437985.423
79891.479,431618.317
120282.701,411063.822
117940.316,496507.718
57922.966,426169.897
32474.845,399865.632
173504.0,422024.0
94850.147,461683.301
148961.631,408520.233
144417.459,471214.07
128642.766,483072.518
198225.705,467366.254
194501.2509,460068.2632
183066.0,329534.0
110646.876,484805.156
204501.2285,504426.8848
109794.023,477909.077
196562.0,376696.0
173360.0,422473.0
96449.35,437794.601
84779.327,437458.452
159347.048,379706.069
179870.718,429391.852
170551.171,449554.446
231358.176,526186.891
45676.3821,413648.3754
187930.764,434211.838
169643.837,407073.784
129108.303,515017.837
181248.0,330212.0
108772.0,488786.0
81758.304,448811.098
183506.569,448262.627
80323.804,383964.333
105047.555,498429.867
158780.683,469238.9
135891.195,444638.642
119659.223,410893.785
154414.165,567353.524
182152.269,434950.275
161232.58,379558.729
234859.569,477917.339
98249.002,433520.635
32490.546,399898.526
202686.8,384273.2
90813.786,397288.783
112076.234,483550.323
209467.764,521031.141
145995.89,426549.1
150703.042,409317.805
181747.9496,435240.5639
241345.039,482376.0977
60030.583,425066.797
118862.208,498831.55
97268.536,431131.271
126815.878,434445.039
201264.0,502330.0
200599.078,468186.692
110973.041,488919.481
116272.1235,453295.5585
196440.0,461477.0
122752.847,482114.177
96584.2,405536.131
97541.247,431378.158
138607.3801,453399.5249
236642.073,485402.535
145877.871,426869.187
98208.072,431623.077
253132.871,576729.475
83177.487,437454.259
119661.916,479056.877
150894.0,409646.0
93515.1436,460615.0357
195554.8116,444032.4167
122685.18,482367.475
197442.125,499356.706
134754.96,452611.505
267930.597,481931.54
210364.2772,523363.4188
158570.4388,464825.2777
124760.171,545728.517
145716.7525,485047.338
32324.517,393744.664
235417.287,445462.8244
73349.505,436250.687
214587.508,522372.217
215174.8283,522177.2378
187158.296,552998.0133
245308.527,577392.497
120416.717,414057.783
232990.52,554594.351
238634.938,486945.128
148114.143,487460.214
149778.113,404977.337
118911.0,483367.0
110389.783,488965.59
149969.193,488948.428
107281.295,498702.849
221503.0,578149.0
152490.0476,490402.9423
85475.1545,412948.8256
124952.363,477862.019
143618.309,430662.941
190571.613,554318.265
64335.0,408674.0
105080.992,472522.472
187457.654,434189.743
104057.8502,420699.2966
141415.0,411909.0
165863.618,373423.034
117813.438,410354.962
126946.0492,434520.8905
31413.157,396404.412
31398.781,396456.769
123533.6459,480052.2122
127486.95,464934.941
181220.0,547536.0
85035.488,436022.907
150525.4352,489142.5463
93191.0955,460183.4192
197910.7333,544084.4095
98817.412,432033.0
163162.099,563445.73
84227.054,453831.999
204687.769,568709.632
131436.488,549131.555
128067.716,483197.227
108626.394,502459.059
110430.337,427167.394
105059.596,498521.552
131339.158,548647.758
135664.679,394504.167
253731.097,576693.102
74168.29,435581.892
178927.952,577795.765
94693.231,461367.331
85834.872,459292.877
180845.415,439692.749
84911.263,436434.984
85577.895,459025.251
190029.524,410358.636
206510.1,377508.68
151817.064,484350.178
83018.695,454699.439
91024.0,393377.0
182956.0,329256.0
260384.0,579112.0
134509.396,427963.854
159100.03,469609.931
118095.29,489485.934
131025.51,411487.062
91001.697,406616.284
124131.195,502041.113
134684.274,411932.734
149443.122,470258.457
202477.0,384618.0
208580.045,434748.22
261249.746,578862.726
190482.903,505222.182
151937.456,565379.99
115846.224,480913.693
114324.0,394334.0
98723.528,464892.128
107347.483,529947.298
64506.0,408725.0
167425.412,459379.499
172566.467,483356.9
173492.353,422298.036
93925.0,460486.0
90028.472,431504.45
168291.814,449695.608
255715.2016,577560.4017
251339.142,562577.694
125062.197,477690.091
73024.036,434216.13
136250.355,480877.196
152432.441,565584.969
256487.51,577236.42
111540.824,480155.389
207067.117,505315.863
173489.975,447355.369
168025.675,562069.79
74033.4907,435780.8204
111600.228,480260.876
134390.353,428071.573
149145.263,407947.58
239142.858,498078.873
246014.201,576965.305
97222.3978,434743.2291
162092.841,498586.826
253471.5051,597192.5061
95051.459,430828.758
94939.9755,431540.874
40531.2854,411939.0349
98102.099,431662.6969
98847.946,441427.262
88539.946,408010.627
80674.596,390098.064
201203.512,387261.631
243582.726,480752.398
209610.0,378916.0
79011.569,400224.91
202824.309,378488.8239
156045.48,387677.687
205374.67,569144.574
238082.282,487766.342
98824.706,431984.598
64370.951,408661.725
120113.607,411020.068
87027.255,432160.933
55524.489,425395.801
55543.226,425427.292
163125.498,379480.214
103930.2774,420683.8026
84873.159,438114.42
197011.743,376678.292
121055.3,493167.375
51296.552,423697.709
198527.851,466843.762
197959.542,466539.048
73955.001,435722.608
118045.976,489475.914
87803.272,432105.787
94938.7988,431575.3402
231428.0,557262.87
249398.0,478722.0
83034.525,450401.525
41990.53,413364.308
151558.414,414163.616
104944.018,410939.247
118062.273,489921.142
105001.824,472516.185
104870.0,472673.0
163684.678,379550.872
103971.985,412734.094
227416.7761,525018.56
234598.3108,444456.7766
226884.909,524953.272
148601.5338,487749.4317
93760.116,460668.087
93070.292,430979.932
97081.8359,405937.7472
231878.641,555150.359
137681.129,451865.133
226503.462,532861.485
187464.896,346184.446
195137.443,352617.142
138119.37,398224.666
167644.3,413615.238
34031.657,390186.345
71013.602,382284.858
96072.529,439993.713
143393.582,429505.364
198263.611,441751.686
167028.626,461987.644
132205.2705,482202.088
127577.547,465572.223
188138.17,434528.314
85561.769,432127.798
104550.328,397521.098
118044.422,487921.083
178468.808,308752.012
94958.924,429029.92
109337.453,487058.798
96336.263,439551.847
99264.815,431620.049
104120.898,423767.918
180964.813,435731.171
252227.47,604379.662
193447.977,408432.976
196038.922,461274.224
124929.8113,479274.9562
93044.744,468637.064
108001.427,475826.952
94941.1052,431508.6422
129118.7811,482126.0068
136389.522,480663.305
104129.9791,421305.4362
130024.422,454007.753
149091.032,408381.746
149995.359,415704.105
31032.633,398010.738
155008.0,388762.0
120082.29,406632.953
157708.839,382679.657
82051.0,449152.0
100929.969,430088.905
82224.0332,444410.8804
205275.422,568562.875
141410.199,434244.007
31407.964,396420.136
108659.0,488778.0
91192.5435,465118.2185
110026.744,486424.985
149729.2765,430380.254
179840.248,320600.647
97479.889,431503.104
85860.077,432976.598
246211.079,479531.6
144375.385,429306.641
86079.392,432115.577
124208.452,411687.691
110980.216,479193.955
84255.9731,437854.485
121220.631,483395.535
188628.263,434533.274
153247.921,412768.172
226523.955,520987.557
221180.336,578107.747
80165.949,392113.706
111489.314,536919.561
74433.555,435472.731
197823.0,491678.0
124346.8484,502448.942
261043.323,578731.216
53295.788,408273.056
71547.976,438054.123
182022.736,574713.746
84879.38,457547.993
246667.1381,479248.6382
158285.6988,464684.6704
99893.583,471412.647
106124.0,488511.0
214136.0,574424.0
124493.575,483462.91
202465.223,439766.248
110899.737,536043.662
213450.304,574169.985
36606.682,401744.158
181599.885,521948.973
254712.358,591974.584
90188.1509,406923.22
172212.52,367296.784
178150.3009,436420.6975
93548.0,402493.0
117534.609,496466.241
238756.367,489552.43
181017.723,547266.352
118986.716,483453.706
105100.0,498723.0
111983.454,484052.872
90862.9665,464666.0617
227362.884,525038.905
182816.9881,427978.5171
234391.714,477930.291
145066.036,429984.897
117980.152,489448.85
182849.0,333494.0
114671.449,489664.577
243069.201,461456.702
84036.486,450182.805
80571.029,388308.146
227463.948,525172.484
183127.0,329579.0
178683.801,313563.274
235077.1434,581098.5397
131862.8761,482418.8045
189428.8357,327534.5675
208816.457,571975.743
189480.055,411534.763
111235.342,536418.114
183094.284,330397.328
158794.687,389407.839
190030.891,410354.549
87930.141,410763.874
83675.0,391514.0
158617.519,414485.558
83903.4852,450895.6636
177389.975,430052.925
80082.451,391705.705
167146.824,459610.098
200071.688,467999.69
130561.064,525750.159
115760.45,399407.0337
99196.5053,432402.5755
104144.089,424232.046
83507.0,437527.0
151331.812,409657.848
160542.787,389666.253
97146.986,434651.48
108229.274,398833.402
104094.596,423321.3
182787.46,574976.998
102714.074,471700.35
94965.0,461621.0
198415.743,469465.998
118813.067,491065.906
206689.904,505325.782
197939.561,543575.317
151491.6046,413973.7146
179453.561,320871.71
127647.184,483585.668
157280.889,388571.645
93728.323,426285.023
252745.817,598848.641
32993.3,388829.975
198436.342,466950.685
208656.0579,373397.0668
191998.416,449049.886
33583.967,390652.3
117889.456,486785.44
232666.97,552335.862
146077.9253,470912.2124
103708.0504,412162.574
227490.676,475139.759
124418.3233,428388.2628
101502.0,430068.0
159056.701,379586.982
226488.235,524913.439
76228.726,435077.057
86096.4279,432112.8904
127857.5526,480725.5738
104544.888,411296.002
136490.6156,395492.593
96606.354,438159.485
187344.141,434215.885
127889.608,483415.92
120125.873,410689.645
167696.298,414085.994
232944.505,553942.366
168390.371,449864.395
246543.121,576699.363
128156.408,483181.443
177393.2626,540070.3192
117389.4925,410387.0583
204806.907,535030.851
179093.0,311420.0
38518.839,406495.171
110861.723,485598.717
100241.349,430320.512
236563.63,485456.764
89706.214,431555.692
188805.632,491113.467
131700.923,411411.703
106705.859,488568.785
85325.5,404299.341
105359.434,496629.092
182098.729,574091.031
157855.592,382022.799
31031.376,398064.42
169492.213,407068.202
60392.0,386647.0
78494.051,383274.202
146484.02,470689.202
113389.779,543472.607
112082.273,538886.613
137657.0,481403.0
204437.516,569630.255
158091.621,379452.025
149425.7588,488495.6622
267079.375,575252.4
155603.033,388341.602
176597.451,381677.21
174650.796,517522.7552
154841.254,388609.695
96665.194,437795.782
109684.591,397426.025
83028.59,454706.378
88998.0,394172.0
77763.404,382637.443
255101.416,566697.25
93301.841,468733.58
88559.13,393715.057
96536.22,430962.843
170082.913,369495.635
104360.37,423538.844
80191.546,384147.955
130850.661,482641.982
103775.433,448458.542
144044.709,429923.665
164910.636,475076.544
148456.748,487336.776
193983.6394,459845.2134
173138.6,422007.287
110357.46,486104.384
121969.52,482604.757
240827.003,482526.672
98208.699,433860.903
134094.4723,444378.69
103861.965,420683.322
170395.229,482539.421
172919.966,483553.915
181395.688,436128.625
137698.0,458767.0
193899.704,408345.051
179002.939,578338.756
94555.0,403968.0
84510.812,457945.193
95137.5,440289.746
228045.222,475383.1762
188306.315,434986.12
247096.367,478786.366
103221.2011,471735.2011
161929.0,435989.0
85257.603,452593.998
190646.199,554418.168
120337.9187,478817.4336
108667.0,488647.0
199220.514,467355.906
47179.251,418498.213
94535.163,469549.727
132541.997,482024.058
82810.019,450201.019
137431.919,481732.744
202753.463,503879.354
104005.0,424083.0
180969.672,381021.134
85602.436,433883.95
97710.769,431426.797
161388.495,389758.23
231171.5922,557031.1018
157380.972,384753.068
87353.475,437968.095
186958.209,415901.95
238542.307,485785.992
181008.259,439668.246
186107.626,513081.645
138324.171,398584.255
131481.209,394538.355
158407.848,414507.833
148308.02,414250.127
138435.313,482247.888
92003.165,430783.534
111941.49,407841.563
167354.687,459024.696
161452.108,435801.055
98722.4755,407728.2203
237496.958,484536.252
112123.37,539196.778
86055.51,391295.069
184901.0,329614.0
180985.0,443041.0
210525.808,523612.104
147724.677,418637.983
73091.716,434181.488
222289.567,522399.9871
99208.917,431963.93
87376.0,438108.0
182417.0982,574922.7746
190513.651,447941.94
144743.884,429992.248
122883.301,481419.582
195133.79,465206.564
208348.338,571807.387
33788.242,390367.509
203488.671,378488.273
95060.887,428749.893
154307.124,460301.7
145101.98,411995.884
204695.789,569247.541
197603.695,392570.084
148079.351,486892.815
108457.0478,487304.8609
186446.177,434084.26
133260.405,411682.16
166739.606,464309.623
138280.2872,451933.3375
240355.946,555240.451
103581.8059,411708.0437
187733.851,346345.356
87782.0,410738.0
163021.7655,499059.3856
154594.6,460374.471
239077.0,489648.0
227949.382,526331.933
189844.9757,326903.7162
105137.56,410330.059
38688.702,406586.843
233283.974,554381.544
98707.861,432063.467
128237.524,483101.81
82956.857,450448.656
110380.539,390285.463
96503.639,437475.125
114181.706,489680.713
192273.038,449696.755
199772.035,357773.605
96524.526,438654.847
183208.191,328966.277
87139.749,454235.324
119798.9132,493967.739
170789.9022,482415.0606
150204.805,414715.26
78154.593,431701.672
166931.793,459334.004
86983.4792,454407.9067
255067.777,576893.454
156769.0,390769.0
94474.929,431099.756
144806.494,471515.544
137224.53,481329.641
85300.306,432276.327
190411.6704,554297.9973
110494.837,478671.127
84004.904,440483.562
148262.4459,487349.7987
253265.8356,469928.7535
143120.973,429363.9
158770.1044,469234.9378
182054.019,574509.117
136331.815,452208.803
180571.409,381136.173
86096.3384,432115.5977
118423.815,490459.726
232913.89,553448.292
209953.833,520589.809
144518.039,429050.154
156572.199,385687.16
115558.173,481003.455
103045.832,411400.745
98370.418,407459.089
147544.636,419158.92
151347.534,480651.453
38555.057,406502.382
125139.977,411706.889
224106.2182,513881.8631
224173.563,512803.982
167223.316,464616.506
130824.383,549084.725
224218.0,513309.0
224093.0,513260.0
